,steps,reward1,reward2,reward3
0,200.0,5.0,12.0,10.0
1,400.0,5.0,11.75,11.5
2,600.0,2.25,12.0,11.75
3,800.0,5.0,11.5,8.5
4,1000.0,2.0,10.25,10.25
5,1200.0,1.7500000000000002,11.5,10.0
6,1400.0,0.5,11.75,10.0
7,1600.0,2.25,11.75,11.5
8,1800.0,5.0,13.5,10.25
9,2000.0,5.5,11.75,11.5
10,2200.0,2.0,8.75,10.25
11,2400.0,5.25,11.75,11.5
12,2600.0,6.75,12.0,10.25
13,2800.0,0.25,12.0,11.5
14,3000.0,3.5000000000000004,13.5,11.75
15,3200.0,5.25,10.25,11.75
16,3400.0,5.25,11.75,8.75
17,3600.0,5.5,11.5,8.75
18,3800.0,6.75,10.0,10.25
19,4000.0,8.25,12.0,10.25
20,4200.0,2.0,10.25,11.5
21,4400.0,2.25,10.25,10.25
22,4600.0,1.7500000000000002,11.5,11.5
23,4800.0,2.0,13.25,11.75
24,5000.0,3.75,11.5,8.5
25,5200.0,2.0,11.75,10.0
26,5400.0,5.0,10.25,8.75
27,5600.0,2.0,12.0,8.75
28,5800.0,6.75,8.75,11.75
29,6000.0,3.5000000000000004,12.0,11.5
30,6200.0,5.25,11.5,11.5
31,6400.0,1.7500000000000002,13.25,11.75
32,6600.0,5.0,12.0,11.75
33,6800.0,2.25,13.25,11.75
34,7000.0,1.7500000000000002,11.5,11.75
35,7200.0,2.25,12.0,10.25
36,7400.0,3.5000000000000004,11.75,11.75
37,7600.0,7.000000000000001,11.75,11.5
38,7800.0,3.5000000000000004,11.5,11.5
39,8000.0,0.5,13.25,10.0
40,8200.0,2.0,11.75,8.75
41,8400.0,3.75,12.0,8.75
42,8600.0,3.75,11.75,11.5
43,8800.0,5.0,13.25,8.75
44,9000.0,5.0,11.75,10.0
45,9200.0,3.75,11.75,10.25
46,9400.0,5.0,12.0,10.0
47,9600.0,0.5,13.25,10.25
48,9800.0,2.25,12.0,8.75
49,10000.0,3.75,10.0,11.5
50,10200.0,6.75,12.0,10.25
51,10400.0,5.0,11.75,10.0
52,10600.0,2.0,11.75,11.5
53,10800.0,3.5000000000000004,11.5,10.25
54,11000.0,7.000000000000001,10.0,11.75
55,11200.0,3.75,11.75,11.75
56,11400.0,5.25,13.5,11.5
57,11600.0,5.25,11.75,11.75
58,11800.0,5.0,12.0,11.5
59,12000.0,5.25,12.0,10.25
60,12200.0,7.000000000000001,11.5,11.5
61,12400.0,3.5000000000000004,13.5,10.0
62,12600.0,5.25,11.75,11.5
63,12800.0,5.25,11.75,10.25
64,13000.0,5.25,11.75,10.25
65,13200.0,7.000000000000001,13.25,10.25
66,13400.0,5.0,11.75,11.5
67,13600.0,0.5,13.25,11.5
68,13800.0,2.25,13.5,10.25
69,14000.0,2.0,11.75,11.5
70,14200.0,5.25,11.75,10.0
71,14400.0,7.000000000000001,11.5,11.5
72,14600.0,3.75,13.25,10.0
73,14800.0,5.5,12.0,11.75
74,15000.0,2.25,13.25,10.0
75,15200.0,8.25,12.0,11.5
76,15400.0,5.0,10.25,8.5
77,15600.0,2.0,10.0,11.5
78,15800.0,1.7500000000000002,12.0,8.75
79,16000.0,3.5000000000000004,12.0,11.5
80,16200.0,1.7500000000000002,11.75,11.75
81,16400.0,5.0,11.5,8.75
82,16600.0,5.0,13.25,11.5
83,16800.0,5.0,11.5,10.25
84,17000.0,3.5000000000000004,11.75,11.5
85,17200.0,2.0,11.5,11.75
86,17400.0,6.75,13.25,10.25
87,17600.0,2.25,10.25,11.75
88,17800.0,3.75,11.5,10.25
89,18000.0,1.7500000000000002,11.75,11.75
90,18200.0,5.25,11.75,10.25
91,18400.0,3.75,12.0,11.5
92,18600.0,8.25,11.75,8.75
93,18800.0,5.0,11.75,11.5
94,19000.0,5.0,11.75,10.25
95,19200.0,5.25,11.75,10.25
96,19400.0,2.0,13.25,10.0
97,19600.0,5.0,11.5,10.0
98,19800.0,7.000000000000001,11.5,11.5
99,20000.0,3.75,11.5,11.5
100,20200.0,3.5000000000000004,11.5,11.75
101,20400.0,2.0,11.75,11.5
102,20600.0,5.0,10.0,11.5
103,20800.0,3.5000000000000004,12.0,11.5
104,21000.0,3.5000000000000004,11.75,10.25
105,21200.0,1.7500000000000002,10.25,11.75
106,21400.0,8.25,11.5,10.25
107,21600.0,5.0,13.25,10.0
108,21800.0,5.0,11.75,10.0
109,22000.0,2.0,11.5,8.75
110,22200.0,3.5000000000000004,13.25,8.75
111,22400.0,3.75,11.75,11.75
112,22600.0,5.25,13.25,10.25
113,22800.0,0.5,13.25,10.25
114,23000.0,5.0,11.75,11.75
115,23200.0,2.0,10.25,10.25
116,23400.0,5.0,11.75,10.25
117,23600.0,5.5,11.75,10.25
118,23800.0,5.0,11.5,10.25
119,24000.0,3.5000000000000004,10.25,11.75
120,24200.0,3.75,11.75,10.25
121,24400.0,7.000000000000001,10.25,11.5
122,24600.0,5.5,13.5,10.0
123,24800.0,3.75,12.0,10.0
124,25000.0,5.25,12.0,10.25
125,25200.0,3.5000000000000004,10.25,11.75
126,25400.0,6.75,12.0,10.25
127,25600.0,0.0,12.0,11.5
128,25800.0,2.0,11.5,10.0
129,26000.0,1.7500000000000002,12.0,8.75
130,26200.0,6.75,11.75,11.5
131,26400.0,5.25,13.25,10.25
132,26600.0,5.0,12.0,11.75
133,26800.0,8.25,11.5,11.75
134,27000.0,6.75,11.75,10.0
135,27200.0,2.25,10.0,10.25
136,27400.0,2.0,11.75,11.75
137,27600.0,5.0,12.0,11.5
138,27800.0,3.5000000000000004,11.5,11.5
139,28000.0,2.0,13.25,11.75
140,28200.0,3.75,10.0,8.75
141,28400.0,3.5000000000000004,13.25,11.75
142,28600.0,5.25,11.75,11.5
143,28800.0,3.75,10.25,11.5
144,29000.0,5.25,10.0,11.5
145,29200.0,3.75,12.0,10.0
146,29400.0,5.25,11.75,11.75
147,29600.0,5.5,10.0,8.75
148,29800.0,5.5,12.0,10.0
149,30000.0,2.25,11.5,8.75
150,30200.0,3.75,11.75,10.0
151,30400.0,3.75,15.0,11.5
152,30600.0,3.5000000000000004,13.5,11.5
153,30800.0,2.25,11.75,11.5
154,31000.0,6.75,11.5,11.5
155,31200.0,3.75,11.5,10.25
156,31400.0,5.25,10.25,11.5
157,31600.0,5.0,10.0,11.75
158,31800.0,5.0,13.5,10.0
159,32000.0,6.75,11.5,11.5
160,32200.0,3.75,10.25,8.75
161,32400.0,3.5000000000000004,11.5,11.5
162,32600.0,5.25,12.0,10.0
163,32800.0,3.75,14.75,11.75
164,33000.0,5.0,11.75,11.5
165,33200.0,2.0,12.0,11.75
166,33400.0,2.25,11.75,11.5
167,33600.0,5.25,11.5,10.0
168,33800.0,5.25,11.75,8.5
169,34000.0,2.25,12.0,10.25
170,34200.0,1.7500000000000002,10.0,11.5
171,34400.0,3.5000000000000004,12.0,10.25
172,34600.0,5.25,11.5,11.5
173,34800.0,5.0,11.5,11.5
174,35000.0,2.25,11.75,10.0
175,35200.0,3.5000000000000004,10.25,10.25
176,35400.0,5.0,12.0,10.25
177,35600.0,2.25,11.75,10.25
178,35800.0,7.000000000000001,11.5,11.5
179,36000.0,3.75,11.75,11.75
180,36200.0,1.7500000000000002,13.25,8.75
181,36400.0,5.0,11.5,11.5
182,36600.0,5.0,11.75,11.5
183,36800.0,5.0,11.5,11.5
184,37000.0,3.5000000000000004,13.25,10.25
185,37200.0,0.75,13.25,10.0
186,37400.0,2.0,11.75,10.0
187,37600.0,5.0,10.0,11.5
188,37800.0,3.5000000000000004,13.25,10.25
189,38000.0,5.0,11.5,10.0
190,38200.0,3.75,12.0,11.5
191,38400.0,5.0,10.0,10.25
192,38600.0,0.5,13.25,10.0
193,38800.0,5.5,10.25,11.5
194,39000.0,5.0,10.0,10.0
195,39200.0,5.0,11.5,11.75
196,39400.0,5.0,11.5,10.0
197,39600.0,1.7500000000000002,10.0,8.75
198,39800.0,3.75,13.5,10.0
199,40000.0,3.75,12.0,11.5
200,40200.0,5.25,12.0,8.5
201,40400.0,3.5000000000000004,10.25,11.5
202,40600.0,0.5,11.75,11.5
203,40800.0,2.25,11.75,11.5
204,41000.0,2.0,10.25,10.0
205,41200.0,5.0,13.25,11.5
206,41400.0,8.25,11.75,11.5
207,41600.0,6.75,10.25,11.75
208,41800.0,2.25,11.75,10.25
209,42000.0,3.5000000000000004,11.5,8.75
210,42200.0,5.5,12.0,11.75
211,42400.0,5.25,12.0,10.25
212,42600.0,5.0,12.0,11.5
213,42800.0,2.0,13.25,10.25
214,43000.0,2.0,11.75,10.0
215,43200.0,8.75,10.25,11.5
216,43400.0,2.25,11.5,10.25
217,43600.0,5.25,11.5,10.25
218,43800.0,3.75,11.75,10.25
219,44000.0,2.0,11.75,10.25
220,44200.0,5.25,10.25,11.5
221,44400.0,3.75,13.25,11.5
222,44600.0,5.0,13.25,11.75
223,44800.0,3.5000000000000004,13.5,8.75
224,45000.0,3.5000000000000004,11.75,11.5
225,45200.0,5.0,11.75,10.25
226,45400.0,5.5,11.75,11.75
227,45600.0,3.5000000000000004,11.5,10.25
228,45800.0,3.75,11.75,10.25
229,46000.0,3.5000000000000004,13.25,10.0
230,46200.0,5.0,11.5,10.25
231,46400.0,5.25,11.5,8.75
232,46600.0,3.75,11.5,10.0
233,46800.0,5.0,11.75,10.25
234,47000.0,3.5000000000000004,12.0,10.0
235,47200.0,5.25,12.0,11.5
236,47400.0,3.5000000000000004,13.25,11.5
237,47600.0,2.25,11.75,11.75
238,47800.0,3.75,13.25,11.5
239,48000.0,1.7500000000000002,10.25,10.25
240,48200.0,7.000000000000001,11.75,11.5
241,48400.0,5.5,11.75,11.5
242,48600.0,3.75,11.75,11.5
243,48800.0,2.25,13.5,11.75
244,49000.0,3.5000000000000004,11.75,11.75
245,49200.0,5.25,11.5,11.5
246,49400.0,6.75,11.75,8.75
247,49600.0,5.0,11.75,11.75
248,49800.0,5.0,13.25,8.5
249,50000.0,5.25,11.75,10.25
250,50200.0,3.5000000000000004,11.75,8.75
251,50400.0,3.5000000000000004,13.25,10.25
252,50600.0,3.75,10.25,10.0
253,50800.0,5.25,12.0,11.5
254,51000.0,3.5000000000000004,13.25,10.0
255,51200.0,7.000000000000001,12.0,10.0
256,51400.0,5.25,10.25,10.0
257,51600.0,5.25,11.5,11.5
258,51800.0,8.75,12.0,10.25
259,52000.0,5.0,12.0,10.25
260,52200.0,8.5,11.5,10.0
261,52400.0,6.75,12.0,11.5
262,52600.0,3.75,12.0,11.5
263,52800.0,1.7500000000000002,13.25,10.0
264,53000.0,1.7500000000000002,10.0,11.75
265,53200.0,1.7500000000000002,8.75,10.0
266,53400.0,3.5000000000000004,11.75,10.0
267,53600.0,5.5,11.75,10.0
268,53800.0,5.5,11.75,8.5
269,54000.0,3.75,10.0,8.75
270,54200.0,3.75,8.75,10.25
271,54400.0,5.5,13.25,11.75
272,54600.0,8.5,12.0,10.25
273,54800.0,3.75,11.5,11.5
274,55000.0,0.75,14.75,11.5
275,55200.0,2.25,11.5,10.0
276,55400.0,3.75,11.5,11.75
277,55600.0,2.0,11.5,10.25
278,55800.0,5.5,13.25,11.5
279,56000.0,5.5,11.75,11.5
280,56200.0,5.0,12.0,11.5
281,56400.0,5.5,13.25,10.0
282,56600.0,5.25,11.75,10.25
283,56800.0,2.0,13.25,11.5
284,57000.0,3.75,11.75,10.0
285,57200.0,8.25,10.25,11.5
286,57400.0,3.5000000000000004,12.0,10.0
287,57600.0,3.75,15.0,10.0
288,57800.0,3.5000000000000004,11.75,10.25
289,58000.0,3.5000000000000004,13.25,10.0
290,58200.0,6.75,12.0,11.75
291,58400.0,5.0,11.5,10.0
292,58600.0,3.5000000000000004,11.5,10.25
293,58800.0,5.25,11.5,11.5
294,59000.0,5.25,8.5,11.75
295,59200.0,5.25,10.25,10.25
296,59400.0,2.25,11.75,10.0
297,59600.0,7.000000000000001,11.75,10.25
298,59800.0,6.75,13.25,11.5
299,60000.0,5.25,13.25,11.75
300,60200.0,5.25,12.0,11.5
301,60400.0,7.000000000000001,13.25,10.25
302,60600.0,5.25,12.0,11.5
303,60800.0,5.25,11.5,8.75
304,61000.0,8.75,12.0,11.5
305,61200.0,3.75,12.0,10.25
306,61400.0,8.75,11.5,10.25
307,61600.0,1.7500000000000002,12.0,10.25
308,61800.0,3.75,13.25,8.75
309,62000.0,8.25,11.5,11.5
310,62200.0,5.25,13.25,10.25
311,62400.0,5.25,11.5,10.0
312,62600.0,8.25,11.5,11.75
313,62800.0,3.5000000000000004,11.75,11.75
314,63000.0,5.0,11.75,8.75
315,63200.0,5.0,12.0,10.25
316,63400.0,5.0,13.5,11.5
317,63600.0,5.25,11.5,11.75
318,63800.0,2.0,11.75,11.5
319,64000.0,6.75,13.5,11.5
320,64200.0,5.0,11.75,10.0
321,64400.0,5.0,10.25,11.5
322,64600.0,3.75,13.25,11.75
323,64800.0,8.75,10.25,10.0
324,65000.0,5.25,13.25,11.5
325,65200.0,3.5000000000000004,12.0,11.5
326,65400.0,3.5000000000000004,11.5,10.25
327,65600.0,5.5,12.0,11.5
328,65800.0,1.7500000000000002,12.0,10.25
329,66000.0,3.5000000000000004,12.0,8.25
330,66200.0,3.5000000000000004,11.75,10.0
331,66400.0,6.75,10.25,10.0
332,66600.0,2.25,13.25,11.5
333,66800.0,6.75,13.25,11.5
334,67000.0,2.25,11.5,11.5
335,67200.0,6.75,11.5,10.0
336,67400.0,2.25,11.5,11.75
337,67600.0,0.75,10.25,11.5
338,67800.0,8.25,10.25,11.75
339,68000.0,5.25,12.0,10.0
340,68200.0,2.0,11.75,10.0
341,68400.0,5.5,12.0,11.75
342,68600.0,3.5000000000000004,11.75,11.5
343,68800.0,6.75,11.5,10.0
344,69000.0,6.75,10.25,11.5
345,69200.0,6.75,13.25,10.25
346,69400.0,8.5,11.5,10.25
347,69600.0,3.75,12.0,10.25
348,69800.0,2.25,11.5,10.25
349,70000.0,5.25,10.25,11.75
350,70200.0,1.7500000000000002,11.75,10.25
351,70400.0,3.5000000000000004,12.0,10.25
352,70600.0,5.5,13.25,11.75
353,70800.0,0.5,11.75,10.0
354,71000.0,2.0,13.25,11.75
355,71200.0,3.5000000000000004,12.0,11.75
356,71400.0,3.75,12.0,10.0
357,71600.0,5.0,12.0,10.0
358,71800.0,2.0,11.75,8.75
359,72000.0,2.25,11.75,11.75
360,72200.0,7.000000000000001,12.0,10.25
361,72400.0,5.25,11.5,11.5
362,72600.0,5.5,10.0,11.75
363,72800.0,5.5,13.25,10.25
364,73000.0,10.25,10.25,10.0
365,73200.0,2.0,12.0,10.0
366,73400.0,2.0,12.0,11.5
367,73600.0,2.25,11.75,10.0
368,73800.0,3.5000000000000004,11.5,10.0
369,74000.0,2.25,10.25,10.25
370,74200.0,1.7500000000000002,11.75,10.25
371,74400.0,5.0,11.5,11.5
372,74600.0,5.0,12.0,11.5
373,74800.0,3.75,12.0,11.5
374,75000.0,2.25,11.75,10.25
375,75200.0,6.75,11.75,10.25
376,75400.0,3.75,11.5,11.5
377,75600.0,5.0,10.0,8.75
378,75800.0,5.5,11.75,8.5
379,76000.0,3.75,13.25,11.5
380,76200.0,5.25,11.5,11.75
381,76400.0,1.7500000000000002,12.0,11.75
382,76600.0,1.7500000000000002,11.5,8.5
383,76800.0,5.5,13.25,8.5
384,77000.0,5.0,12.0,10.0
385,77200.0,5.5,12.0,10.25
386,77400.0,8.5,11.75,10.0
387,77600.0,1.7500000000000002,12.0,10.25
388,77800.0,5.0,12.0,10.25
389,78000.0,5.0,11.5,11.5
390,78200.0,3.5000000000000004,12.0,10.25
391,78400.0,3.5000000000000004,11.5,11.5
392,78600.0,2.25,13.5,11.75
393,78800.0,3.75,12.0,10.25
394,79000.0,1.7500000000000002,11.5,10.25
395,79200.0,2.25,11.5,10.0
396,79400.0,5.0,11.5,11.5
397,79600.0,1.7500000000000002,11.75,10.25
398,79800.0,3.75,11.75,11.5
399,80000.0,8.25,12.0,11.5
400,80200.0,5.25,11.5,10.0
401,80400.0,5.0,11.75,10.25
402,80600.0,6.75,12.0,10.25
403,80800.0,3.5000000000000004,11.75,11.5
404,81000.0,5.0,11.5,11.75
405,81200.0,5.0,12.0,11.75
406,81400.0,3.5000000000000004,11.75,10.0
407,81600.0,5.0,11.5,10.0
408,81800.0,0.25,11.75,10.0
409,82000.0,3.75,11.75,10.25
410,82200.0,5.5,10.25,11.5
411,82400.0,2.0,11.5,8.75
412,82600.0,0.0,11.75,11.75
413,82800.0,5.25,12.0,11.5
414,83000.0,3.5000000000000004,13.5,11.5
415,83200.0,5.25,10.25,11.75
416,83400.0,3.75,11.75,11.5
417,83600.0,5.0,12.0,11.75
418,83800.0,5.25,11.75,10.0
419,84000.0,2.25,13.25,10.0
420,84200.0,2.0,13.25,10.25
421,84400.0,6.75,12.0,11.5
422,84600.0,6.75,10.25,8.25
423,84800.0,2.0,11.5,11.5
424,85000.0,3.5000000000000004,11.5,10.25
425,85200.0,5.0,11.75,8.75
426,85400.0,5.5,11.75,11.5
427,85600.0,2.0,10.0,10.0
428,85800.0,7.000000000000001,13.5,10.25
429,86000.0,2.25,11.75,10.25
430,86200.0,2.25,10.25,11.5
431,86400.0,3.75,12.0,10.0
432,86600.0,3.5000000000000004,11.5,11.75
433,86800.0,5.0,12.0,11.5
434,87000.0,6.75,13.25,10.0
435,87200.0,8.5,11.5,10.25
436,87400.0,5.5,11.5,11.5
437,87600.0,7.000000000000001,11.5,8.5
438,87800.0,3.75,11.75,10.0
439,88000.0,2.25,12.0,10.0
440,88200.0,5.5,13.25,10.0
441,88400.0,5.5,11.5,11.5
442,88600.0,6.75,11.75,11.5
443,88800.0,2.25,13.25,11.75
444,89000.0,2.0,11.75,11.75
445,89200.0,1.7500000000000002,11.75,10.25
446,89400.0,5.25,11.5,11.5
447,89600.0,5.25,11.5,11.75
448,89800.0,3.5000000000000004,11.75,11.5
449,90000.0,3.75,8.5,11.75
450,90200.0,0.5,12.0,10.25
451,90400.0,3.75,11.75,10.25
452,90600.0,3.75,11.5,8.75
453,90800.0,0.25,10.25,11.75
454,91000.0,5.0,11.75,11.75
455,91200.0,2.25,10.25,11.75
456,91400.0,2.0,12.0,8.75
457,91600.0,3.5000000000000004,12.0,10.0
458,91800.0,3.5000000000000004,11.75,8.75
459,92000.0,0.5,10.0,11.5
460,92200.0,5.25,11.5,8.25
461,92400.0,3.5000000000000004,11.75,11.75
462,92600.0,5.5,10.25,11.5
463,92800.0,5.0,13.25,11.5
464,93000.0,5.5,11.75,10.0
465,93200.0,3.75,10.0,8.5
466,93400.0,8.5,11.75,11.75
467,93600.0,5.5,11.75,11.75
468,93800.0,3.75,13.5,10.0
469,94000.0,1.7500000000000002,11.75,10.25
470,94200.0,6.75,11.75,8.75
471,94400.0,5.0,11.75,11.5
472,94600.0,3.75,13.25,10.0
473,94800.0,2.25,12.0,11.5
474,95000.0,5.0,11.75,10.25
475,95200.0,3.5000000000000004,11.75,10.25
476,95400.0,8.25,12.0,10.25
477,95600.0,1.7500000000000002,13.25,11.5
478,95800.0,2.25,11.75,10.25
479,96000.0,2.25,12.0,10.0
480,96200.0,5.5,11.5,11.75
481,96400.0,2.25,11.5,11.5
482,96600.0,6.75,10.0,10.25
483,96800.0,3.5000000000000004,11.75,11.5
484,97000.0,5.25,11.75,11.75
485,97200.0,1.7500000000000002,11.75,8.5
486,97400.0,2.0,12.0,10.0
487,97600.0,3.5000000000000004,11.75,10.25
488,97800.0,3.5000000000000004,11.75,10.0
489,98000.0,3.5000000000000004,11.75,11.5
490,98200.0,3.5000000000000004,13.25,8.75
491,98400.0,5.0,11.75,11.75
492,98600.0,5.0,11.75,11.5
493,98800.0,3.5000000000000004,11.75,10.0
494,99000.0,5.0,11.5,10.25
495,99200.0,5.5,13.25,10.25
496,99400.0,2.0,11.75,10.0
497,99600.0,2.25,12.0,10.25
498,99800.0,8.75,11.75,11.75
499,100000.0,5.25,11.75,11.5
500,100200.0,6.75,11.5,11.75
501,100400.0,5.25,10.25,11.5
502,100600.0,5.5,11.75,10.25
503,100800.0,2.0,12.0,10.25
504,101000.0,3.75,11.5,8.75
505,101200.0,10.0,13.25,11.75
506,101400.0,8.5,8.75,11.5
507,101600.0,3.5000000000000004,11.75,10.25
508,101800.0,5.25,12.0,11.75
509,102000.0,7.000000000000001,10.0,10.0
510,102200.0,2.25,12.0,11.5
511,102400.0,5.25,11.5,10.25
512,102600.0,2.0,12.0,10.25
513,102800.0,5.0,12.0,10.0
514,103000.0,5.25,13.25,10.25
515,103200.0,6.75,11.5,11.5
516,103400.0,3.75,12.0,11.5
517,103600.0,3.75,10.0,10.0
518,103800.0,3.5000000000000004,13.25,11.5
519,104000.0,3.75,11.5,11.5
520,104200.0,3.75,11.75,10.25
521,104400.0,5.25,11.75,11.5
522,104600.0,8.5,11.5,10.0
523,104800.0,3.5000000000000004,13.5,11.5
524,105000.0,1.7500000000000002,11.75,10.25
525,105200.0,5.5,10.25,11.75
526,105400.0,5.5,10.25,11.5
527,105600.0,3.75,11.75,11.5
528,105800.0,1.7500000000000002,11.75,10.0
529,106000.0,2.25,11.5,8.75
530,106200.0,2.0,11.75,11.5
531,106400.0,5.25,11.5,11.5
532,106600.0,3.75,11.5,11.5
533,106800.0,5.25,13.25,8.75
534,107000.0,3.75,13.25,10.0
535,107200.0,3.5000000000000004,10.0,10.25
536,107400.0,6.75,13.25,10.25
537,107600.0,5.0,13.25,10.0
538,107800.0,2.0,11.5,11.5
539,108000.0,5.5,11.75,10.25
540,108200.0,5.25,11.5,10.0
541,108400.0,3.5000000000000004,11.75,10.0
542,108600.0,1.7500000000000002,10.0,11.5
543,108800.0,5.0,11.75,10.25
544,109000.0,1.7500000000000002,11.75,11.5
545,109200.0,0.5,12.0,11.5
546,109400.0,10.25,10.25,11.5
547,109600.0,5.0,12.0,8.75
548,109800.0,2.0,11.5,11.5
549,110000.0,5.0,11.75,11.75
550,110200.0,8.75,11.5,10.25
551,110400.0,5.5,12.0,11.5
552,110600.0,3.5000000000000004,13.5,10.25
553,110800.0,5.5,11.5,11.5
554,111000.0,2.25,12.0,10.0
555,111200.0,8.25,11.5,11.5
556,111400.0,2.25,12.0,10.25
557,111600.0,5.25,10.25,11.5
558,111800.0,3.75,11.5,11.5
559,112000.0,5.25,11.75,10.25
560,112200.0,5.25,10.25,11.75
561,112400.0,5.25,11.75,11.75
562,112600.0,3.5000000000000004,11.5,11.5
563,112800.0,7.000000000000001,10.25,10.0
564,113000.0,5.25,13.25,11.5
565,113200.0,5.5,12.0,10.25
566,113400.0,3.5000000000000004,11.5,11.75
567,113600.0,3.75,11.5,11.5
568,113800.0,3.5000000000000004,11.75,10.25
569,114000.0,3.5000000000000004,10.0,11.5
570,114200.0,1.7500000000000002,10.25,11.5
571,114400.0,7.000000000000001,11.75,10.0
572,114600.0,2.25,11.75,10.0
573,114800.0,1.7500000000000002,11.75,8.75
574,115000.0,3.75,11.5,10.25
575,115200.0,2.25,11.5,10.25
576,115400.0,1.7500000000000002,12.0,11.5
577,115600.0,5.5,11.75,11.5
578,115800.0,1.7500000000000002,11.5,10.25
579,116000.0,5.0,10.0,10.0
580,116200.0,5.0,11.5,10.25
581,116400.0,5.25,12.0,10.0
582,116600.0,2.0,10.25,11.5
583,116800.0,1.7500000000000002,12.0,10.0
584,117000.0,5.25,12.0,10.0
585,117200.0,5.25,11.5,11.75
586,117400.0,5.5,11.5,10.25
587,117600.0,7.000000000000001,13.5,11.75
588,117800.0,2.0,11.75,10.25
589,118000.0,7.000000000000001,11.5,11.5
590,118200.0,2.25,11.5,10.25
591,118400.0,1.7500000000000002,8.75,10.25
592,118600.0,3.75,12.0,10.0
593,118800.0,7.000000000000001,11.75,11.75
594,119000.0,8.25,10.25,8.75
595,119200.0,3.5000000000000004,12.0,10.0
596,119400.0,2.0,13.5,10.25
597,119600.0,5.0,11.75,11.5
598,119800.0,5.0,11.75,10.25
599,120000.0,8.25,13.25,10.25
600,120200.0,2.0,11.5,11.5
601,120400.0,5.0,11.75,10.0
602,120600.0,5.0,11.75,10.25
603,120800.0,3.75,11.75,11.5
604,121000.0,2.25,11.75,11.75
605,121200.0,5.25,12.0,10.0
606,121400.0,5.0,10.25,10.0
607,121600.0,3.75,10.25,10.0
608,121800.0,5.0,10.0,8.75
609,122000.0,5.25,10.25,10.25
610,122200.0,5.5,11.5,10.25
611,122400.0,3.5000000000000004,11.5,11.75
612,122600.0,2.0,13.25,10.25
613,122800.0,5.0,11.5,11.5
614,123000.0,5.25,13.25,11.5
615,123200.0,3.5000000000000004,11.75,11.5
616,123400.0,5.25,11.75,11.75
617,123600.0,2.25,13.25,10.25
618,123800.0,6.75,11.75,8.5
619,124000.0,6.75,13.25,10.0
620,124200.0,1.7500000000000002,11.5,11.5
621,124400.0,2.25,11.5,11.75
622,124600.0,3.5000000000000004,10.25,10.25
623,124800.0,1.7500000000000002,11.75,10.25
624,125000.0,3.75,11.5,10.25
625,125200.0,8.75,10.25,8.75
626,125400.0,5.25,11.75,11.75
627,125600.0,5.0,10.25,11.5
628,125800.0,1.7500000000000002,14.75,11.5
629,126000.0,2.25,11.75,11.5
630,126200.0,5.0,11.75,10.25
631,126400.0,3.5000000000000004,11.75,11.5
632,126600.0,5.0,11.5,8.75
633,126800.0,2.0,13.5,11.5
634,127000.0,3.75,11.5,11.75
635,127200.0,5.25,8.25,10.0
636,127400.0,2.0,11.75,10.25
637,127600.0,2.25,11.5,11.5
638,127800.0,5.5,11.5,10.25
639,128000.0,0.5,12.0,10.25
640,128200.0,5.0,12.0,10.0
641,128400.0,6.75,11.75,10.25
642,128600.0,5.0,11.75,11.75
643,128800.0,3.75,13.5,10.25
644,129000.0,2.25,11.75,10.25
645,129200.0,3.5000000000000004,11.5,8.75
646,129400.0,5.5,11.5,10.25
647,129600.0,6.75,13.25,8.75
648,129800.0,5.25,13.5,10.25
649,130000.0,3.75,12.0,11.5
650,130200.0,2.0,11.5,11.5
651,130400.0,2.0,10.0,10.25
652,130600.0,2.25,10.25,11.5
653,130800.0,3.75,13.25,11.75
654,131000.0,8.5,11.5,8.75
655,131200.0,2.25,12.0,10.0
656,131400.0,3.5000000000000004,11.5,10.0
657,131600.0,8.5,10.25,10.25
658,131800.0,6.75,11.5,8.75
659,132000.0,5.5,10.25,11.5
660,132200.0,3.5000000000000004,10.0,10.25
661,132400.0,2.25,13.25,11.75
662,132600.0,8.5,13.25,8.75
663,132800.0,5.0,12.0,11.5
664,133000.0,5.25,11.75,11.5
665,133200.0,6.75,11.5,11.5
666,133400.0,5.5,12.0,8.75
667,133600.0,5.5,11.5,10.0
668,133800.0,2.25,11.5,11.75
669,134000.0,1.7500000000000002,10.25,11.75
670,134200.0,5.25,10.0,8.5
671,134400.0,3.5000000000000004,11.5,10.0
672,134600.0,3.75,11.75,10.0
673,134800.0,2.0,11.5,10.25
674,135000.0,2.25,13.25,10.25
675,135200.0,2.25,11.75,8.75
676,135400.0,7.000000000000001,10.25,11.5
677,135600.0,6.75,10.0,10.0
678,135800.0,5.25,11.5,11.75
679,136000.0,3.75,11.75,11.75
680,136200.0,5.0,12.0,11.75
681,136400.0,3.75,12.0,8.25
682,136600.0,3.5000000000000004,13.25,8.75
683,136800.0,2.0,12.0,10.0
684,137000.0,5.5,12.0,8.75
685,137200.0,5.0,11.75,10.25
686,137400.0,3.75,11.75,11.5
687,137600.0,5.25,13.25,11.5
688,137800.0,2.0,10.25,11.75
689,138000.0,5.25,11.5,10.25
690,138200.0,5.5,14.75,11.5
691,138400.0,3.5000000000000004,12.0,11.75
692,138600.0,5.25,11.75,10.25
693,138800.0,5.25,11.75,10.0
694,139000.0,5.0,10.25,10.25
695,139200.0,2.0,11.5,10.25
696,139400.0,7.000000000000001,13.5,10.25
697,139600.0,3.75,12.0,11.5
698,139800.0,5.0,10.25,8.75
699,140000.0,5.5,12.0,8.75
700,140200.0,2.25,11.5,10.25
701,140400.0,5.0,11.75,11.5
702,140600.0,5.0,11.5,10.0
703,140800.0,3.5000000000000004,11.5,10.0
704,141000.0,3.75,11.5,11.5
705,141200.0,2.0,12.0,11.5
706,141400.0,5.0,11.75,10.25
707,141600.0,2.0,11.5,8.75
708,141800.0,3.75,10.25,10.25
709,142000.0,3.75,8.75,10.25
710,142200.0,2.0,11.5,10.25
711,142400.0,6.75,11.75,11.5
712,142600.0,5.0,11.5,10.25
713,142800.0,1.7500000000000002,13.25,11.75
714,143000.0,0.25,12.0,11.75
715,143200.0,8.25,11.75,10.25
716,143400.0,3.5000000000000004,14.75,10.25
717,143600.0,2.0,11.75,10.0
718,143800.0,5.0,12.0,10.0
719,144000.0,5.0,11.5,10.25
720,144200.0,6.75,10.25,10.25
721,144400.0,5.5,11.75,10.25
722,144600.0,2.25,12.0,11.75
723,144800.0,3.75,11.75,11.5
724,145000.0,2.25,11.75,10.0
725,145200.0,2.0,13.5,11.75
726,145400.0,5.0,8.75,11.5
727,145600.0,2.0,10.25,8.75
728,145800.0,7.000000000000001,13.5,11.75
729,146000.0,5.0,12.0,10.0
730,146200.0,5.25,10.0,10.0
731,146400.0,2.25,11.75,10.25
732,146600.0,6.75,10.25,10.0
733,146800.0,5.25,12.0,10.0
734,147000.0,5.25,11.75,11.5
735,147200.0,3.5000000000000004,13.25,11.75
736,147400.0,3.5000000000000004,10.25,11.5
737,147600.0,2.0,11.75,11.75
738,147800.0,5.25,10.0,8.75
739,148000.0,7.000000000000001,12.0,10.25
740,148200.0,5.0,11.75,10.0
741,148400.0,5.0,11.5,10.0
742,148600.0,3.5000000000000004,11.75,8.75
743,148800.0,2.0,11.5,10.0
744,149000.0,2.0,11.5,11.5
745,149200.0,3.75,12.0,11.5
746,149400.0,3.75,11.5,8.5
747,149600.0,0.5,11.75,11.5
748,149800.0,5.0,11.75,11.5
749,150000.0,1.7500000000000002,11.5,11.5
750,150200.0,2.0,11.75,10.0
751,150400.0,5.5,11.75,10.0
752,150600.0,3.75,13.25,11.5
753,150800.0,3.75,11.75,11.5
754,151000.0,5.0,10.25,11.75
755,151200.0,3.5000000000000004,11.5,10.25
756,151400.0,2.25,10.25,11.5
757,151600.0,2.0,11.75,11.5
758,151800.0,2.0,12.0,10.25
759,152000.0,5.0,11.5,10.25
760,152200.0,2.0,10.0,11.75
761,152400.0,5.0,11.75,10.25
762,152600.0,8.25,12.0,10.25
763,152800.0,3.5000000000000004,13.25,10.25
764,153000.0,3.75,11.5,11.5
765,153200.0,8.25,10.25,10.0
766,153400.0,6.75,13.25,10.0
767,153600.0,0.25,11.5,11.75
768,153800.0,5.25,13.25,8.75
769,154000.0,5.0,12.0,10.25
770,154200.0,2.0,13.25,10.25
771,154400.0,8.75,11.75,10.0
772,154600.0,5.5,10.0,11.5
773,154800.0,2.0,11.5,10.0
774,155000.0,5.25,12.0,10.25
775,155200.0,5.0,13.25,11.5
776,155400.0,2.25,11.75,8.75
777,155600.0,1.7500000000000002,12.0,11.5
778,155800.0,2.0,10.25,11.5
779,156000.0,2.0,11.5,11.75
780,156200.0,5.0,13.25,10.25
781,156400.0,1.7500000000000002,11.75,11.75
782,156600.0,2.0,13.5,11.5
783,156800.0,3.5000000000000004,10.0,11.75
784,157000.0,2.25,11.75,11.75
785,157200.0,5.5,11.5,11.5
786,157400.0,3.5000000000000004,11.75,11.75
787,157600.0,5.25,12.0,10.0
788,157800.0,3.75,11.75,11.5
789,158000.0,8.5,10.0,10.0
790,158200.0,3.5000000000000004,11.75,10.25
791,158400.0,3.5000000000000004,14.75,11.75
792,158600.0,0.5,11.75,10.25
793,158800.0,3.5000000000000004,11.5,10.0
794,159000.0,2.25,12.0,10.25
795,159200.0,2.0,10.0,10.0
796,159400.0,2.25,12.0,10.25
797,159600.0,3.75,10.25,11.5
798,159800.0,3.5000000000000004,11.5,8.75
799,160000.0,3.75,12.0,11.75
800,160200.0,2.0,12.0,11.5
801,160400.0,2.0,11.75,11.5
802,160600.0,8.5,11.5,10.25
803,160800.0,2.0,12.0,10.25
804,161000.0,2.0,11.5,10.25
805,161200.0,3.75,11.5,10.25
806,161400.0,5.0,10.25,10.25
807,161600.0,6.75,11.75,10.25
808,161800.0,5.0,11.75,10.25
809,162000.0,5.25,13.25,11.5
810,162200.0,1.7500000000000002,11.5,8.5
811,162400.0,3.75,13.5,10.0
812,162600.0,0.5,10.0,11.5
813,162800.0,3.5000000000000004,10.25,8.75
814,163000.0,5.0,12.0,11.5
815,163200.0,5.5,11.5,8.75
816,163400.0,7.000000000000001,13.25,11.75
817,163600.0,2.25,11.5,10.25
818,163800.0,5.5,10.25,10.25
819,164000.0,5.25,11.5,11.5
820,164200.0,5.5,10.25,11.5
821,164400.0,5.5,13.25,10.25
822,164600.0,5.25,12.0,10.25
823,164800.0,2.0,11.75,11.75
824,165000.0,5.5,13.25,8.5
825,165200.0,3.5000000000000004,11.5,8.75
826,165400.0,3.5000000000000004,13.25,10.25
827,165600.0,2.25,13.25,8.5
828,165800.0,1.7500000000000002,10.25,10.25
829,166000.0,2.0,10.25,10.25
830,166200.0,5.25,11.5,10.25
831,166400.0,5.25,10.25,11.5
832,166600.0,5.0,13.25,10.0
833,166800.0,2.25,11.75,11.75
834,167000.0,2.0,12.0,11.75
835,167200.0,5.5,12.0,8.75
836,167400.0,5.0,10.25,10.25
837,167600.0,6.75,11.5,10.0
838,167800.0,6.75,13.5,11.75
839,168000.0,3.5000000000000004,12.0,10.0
840,168200.0,8.25,13.5,11.75
841,168400.0,5.0,10.0,10.25
842,168600.0,3.5000000000000004,11.75,8.75
843,168800.0,5.0,13.25,11.75
844,169000.0,3.75,12.0,11.75
845,169200.0,3.75,10.0,11.5
846,169400.0,3.5000000000000004,12.0,10.0
847,169600.0,5.25,13.25,11.5
848,169800.0,3.5000000000000004,11.5,11.5
849,170000.0,2.25,12.0,11.5
850,170200.0,2.25,11.5,10.25
851,170400.0,3.75,11.5,11.75
852,170600.0,5.25,12.0,11.5
853,170800.0,2.25,13.5,11.75
854,171000.0,5.0,11.5,11.5
855,171200.0,6.75,12.0,11.5
856,171400.0,3.75,12.0,8.5
857,171600.0,1.7500000000000002,12.0,11.75
858,171800.0,5.5,11.75,11.5
859,172000.0,3.5000000000000004,12.0,10.0
860,172200.0,8.25,12.0,11.5
861,172400.0,5.0,14.75,8.75
862,172600.0,5.0,11.5,10.25
863,172800.0,3.5000000000000004,11.5,8.75
864,173000.0,5.25,10.25,11.75
865,173200.0,2.25,11.5,11.5
866,173400.0,3.5000000000000004,11.5,8.75
867,173600.0,1.7500000000000002,13.5,10.0
868,173800.0,3.75,10.0,10.25
869,174000.0,3.75,10.25,8.5
870,174200.0,5.5,12.0,10.25
871,174400.0,5.25,11.75,10.0
872,174600.0,2.25,11.75,11.5
873,174800.0,3.5000000000000004,12.0,10.25
874,175000.0,3.75,11.5,10.25
875,175200.0,3.75,13.25,11.5
876,175400.0,7.000000000000001,11.5,10.25
877,175600.0,7.000000000000001,12.0,10.25
878,175800.0,2.0,11.75,11.5
879,176000.0,3.5000000000000004,11.75,11.75
880,176200.0,3.5000000000000004,10.25,10.0
881,176400.0,3.75,10.0,11.5
882,176600.0,2.0,10.25,11.5
883,176800.0,5.0,11.5,10.25
884,177000.0,1.7500000000000002,12.0,11.75
885,177200.0,0.25,13.25,11.5
886,177400.0,2.0,12.0,8.75
887,177600.0,5.25,11.5,11.75
888,177800.0,2.0,11.5,10.0
889,178000.0,7.000000000000001,10.25,11.5
890,178200.0,3.75,11.5,11.5
891,178400.0,3.75,11.5,11.75
892,178600.0,7.000000000000001,11.5,11.5
893,178800.0,2.0,11.75,11.5
894,179000.0,3.75,11.75,11.5
895,179200.0,7.000000000000001,10.25,11.5
896,179400.0,5.0,11.75,8.25
897,179600.0,1.7500000000000002,10.0,11.5
898,179800.0,1.7500000000000002,13.25,10.25
899,180000.0,3.5000000000000004,13.5,10.25
900,180200.0,1.7500000000000002,11.5,10.25
901,180400.0,2.0,13.25,11.75
902,180600.0,5.25,11.75,11.5
903,180800.0,3.75,12.0,11.5
904,181000.0,3.5000000000000004,11.5,11.5
905,181200.0,5.5,10.25,11.75
906,181400.0,2.25,11.5,11.75
907,181600.0,5.5,13.25,10.0
908,181800.0,5.5,10.25,11.5
909,182000.0,3.75,11.5,11.5
910,182200.0,6.75,11.5,10.0
911,182400.0,2.25,11.75,11.5
912,182600.0,3.75,12.0,11.5
913,182800.0,2.25,11.75,11.75
914,183000.0,2.25,11.75,10.25
915,183200.0,1.7500000000000002,11.75,11.5
916,183400.0,5.5,13.5,11.75
917,183600.0,3.5000000000000004,11.5,11.75
918,183800.0,6.75,10.25,11.5
919,184000.0,5.25,11.75,11.5
920,184200.0,2.25,11.75,10.25
921,184400.0,5.0,11.75,11.5
922,184600.0,5.0,12.0,11.5
923,184800.0,2.25,11.75,11.75
924,185000.0,1.7500000000000002,10.25,11.75
925,185200.0,3.75,13.25,11.5
926,185400.0,5.0,12.0,8.75
927,185600.0,3.75,11.75,11.5
928,185800.0,3.75,11.5,10.25
929,186000.0,2.0,13.25,11.5
930,186200.0,2.25,11.5,11.75
931,186400.0,0.25,8.75,10.0
932,186600.0,5.25,11.5,11.5
933,186800.0,5.0,10.25,10.25
934,187000.0,5.5,10.0,11.75
935,187200.0,6.75,11.75,11.5
936,187400.0,5.0,8.75,11.5
937,187600.0,6.75,10.25,11.5
938,187800.0,3.5000000000000004,11.5,8.75
939,188000.0,5.25,11.75,11.5
940,188200.0,2.25,10.0,8.5
941,188400.0,8.25,11.75,10.25
942,188600.0,2.25,13.5,8.75
943,188800.0,5.0,10.25,10.0
944,189000.0,2.0,11.75,11.5
945,189200.0,8.25,12.0,11.5
946,189400.0,5.0,10.0,10.0
947,189600.0,5.0,11.75,10.25
948,189800.0,3.75,10.0,10.25
949,190000.0,10.0,12.0,11.5
950,190200.0,3.5000000000000004,10.25,10.0
951,190400.0,2.0,11.5,8.75
952,190600.0,5.25,11.5,10.25
953,190800.0,3.75,13.5,10.25
954,191000.0,5.0,11.75,11.5
955,191200.0,3.75,11.75,10.25
956,191400.0,2.0,12.0,11.5
957,191600.0,3.5000000000000004,11.5,8.75
958,191800.0,2.25,11.75,8.5
959,192000.0,8.25,11.75,10.25
960,192200.0,6.75,11.75,11.75
961,192400.0,5.5,11.5,10.25
962,192600.0,5.25,13.25,10.25
963,192800.0,5.5,10.25,8.75
964,193000.0,2.0,13.25,11.5
965,193200.0,2.25,11.75,11.5
966,193400.0,3.75,12.0,11.5
967,193600.0,2.25,10.25,11.5
968,193800.0,3.75,8.75,11.5
969,194000.0,5.25,11.75,11.75
970,194200.0,5.5,11.5,10.25
971,194400.0,1.0,12.0,8.75
972,194600.0,2.0,11.75,11.5
973,194800.0,2.25,12.0,11.5
974,195000.0,5.0,11.75,11.75
975,195200.0,8.25,12.0,11.5
976,195400.0,5.0,8.75,11.75
977,195600.0,2.0,8.75,11.75
978,195800.0,5.5,11.75,11.75
979,196000.0,1.7500000000000002,13.25,10.25
980,196200.0,2.25,12.0,10.25
981,196400.0,3.75,12.0,11.5
982,196600.0,2.0,12.0,11.5
983,196800.0,5.0,10.25,11.5
984,197000.0,8.75,11.75,11.5
985,197200.0,2.0,11.5,10.25
986,197400.0,2.0,11.75,10.0
987,197600.0,7.000000000000001,13.25,11.75
988,197800.0,5.25,13.25,10.0
989,198000.0,5.0,12.0,10.25
990,198200.0,6.75,13.25,11.5
991,198400.0,6.75,12.0,11.75
992,198600.0,3.5000000000000004,11.75,11.5
993,198800.0,3.75,11.5,10.0
994,199000.0,1.7500000000000002,12.0,10.25
995,199200.0,5.0,11.75,11.5
996,199400.0,2.25,11.75,11.5
997,199600.0,3.75,11.75,11.75
998,199800.0,5.25,11.75,10.25
999,200000.0,0.75,11.5,11.75
1000,200200.0,6.75,11.5,10.25
1001,200400.0,5.25,10.25,10.25
1002,200600.0,2.25,13.25,11.5
1003,200800.0,2.0,11.75,11.75
1004,201000.0,3.5000000000000004,12.0,10.25
1005,201200.0,5.5,10.25,10.25
1006,201400.0,5.0,11.5,11.5
1007,201600.0,5.25,13.25,11.75
1008,201800.0,0.5,11.5,10.25
1009,202000.0,5.5,12.0,11.75
1010,202200.0,5.25,11.75,11.5
1011,202400.0,3.75,10.25,11.75
1012,202600.0,3.5000000000000004,12.0,8.75
1013,202800.0,5.0,12.0,10.25
1014,203000.0,3.75,12.0,10.25
1015,203200.0,5.0,12.0,10.25
1016,203400.0,3.75,8.75,10.25
1017,203600.0,3.75,12.0,8.75
1018,203800.0,3.5000000000000004,11.75,11.5
1019,204000.0,3.5000000000000004,13.25,11.5
1020,204200.0,5.5,10.0,10.0
1021,204400.0,5.0,12.0,11.5
1022,204600.0,5.0,13.5,8.25
1023,204800.0,5.5,10.25,10.0
1024,205000.0,2.25,13.5,11.75
1025,205200.0,5.0,13.25,10.25
1026,205400.0,3.5000000000000004,11.75,10.0
1027,205600.0,6.75,11.5,11.75
1028,205800.0,5.5,11.5,10.0
1029,206000.0,3.5000000000000004,10.25,11.5
1030,206200.0,5.25,11.75,10.0
1031,206400.0,2.25,12.0,10.25
1032,206600.0,2.25,12.0,11.75
1033,206800.0,5.5,10.25,10.0
1034,207000.0,3.75,11.75,11.5
1035,207200.0,2.25,11.5,10.25
1036,207400.0,2.25,11.5,10.25
1037,207600.0,5.0,11.5,10.0
1038,207800.0,3.5000000000000004,11.5,10.0
1039,208000.0,5.25,13.25,11.5
1040,208200.0,2.25,11.5,10.0
1041,208400.0,3.75,13.5,11.75
1042,208600.0,3.5000000000000004,8.75,11.5
1043,208800.0,5.0,10.25,10.25
1044,209000.0,3.75,11.5,11.5
1045,209200.0,5.25,11.75,11.5
1046,209400.0,5.0,13.25,10.25
1047,209600.0,5.25,12.0,11.75
1048,209800.0,0.5,11.75,11.5
1049,210000.0,7.000000000000001,12.0,10.25
1050,210200.0,3.5000000000000004,11.75,10.25
1051,210400.0,5.5,12.0,10.25
1052,210600.0,2.25,12.0,10.0
1053,210800.0,5.25,12.0,10.25
1054,211000.0,5.5,11.5,11.5
1055,211200.0,6.75,11.75,10.0
1056,211400.0,2.25,13.25,10.25
1057,211600.0,5.25,12.0,10.25
1058,211800.0,6.75,11.5,10.0
1059,212000.0,6.75,11.5,8.75
1060,212200.0,3.5000000000000004,11.5,10.25
1061,212400.0,5.0,11.75,10.25
1062,212600.0,2.0,13.25,8.75
1063,212800.0,3.75,11.75,8.75
1064,213000.0,5.5,13.5,11.75
1065,213200.0,2.0,11.5,8.5
1066,213400.0,2.25,10.0,10.25
1067,213600.0,3.5000000000000004,10.0,10.0
1068,213800.0,5.5,12.0,10.25
1069,214000.0,3.5000000000000004,13.25,10.25
1070,214200.0,3.5000000000000004,12.0,10.0
1071,214400.0,5.0,11.75,10.25
1072,214600.0,5.0,11.5,11.5
1073,214800.0,5.25,14.75,11.75
1074,215000.0,5.0,12.0,11.5
1075,215200.0,1.7500000000000002,11.5,10.25
1076,215400.0,3.75,11.75,10.25
1077,215600.0,5.25,12.0,11.5
1078,215800.0,2.25,12.0,10.25
1079,216000.0,5.0,13.25,11.5
1080,216200.0,6.75,13.25,8.5
1081,216400.0,1.7500000000000002,11.5,10.25
1082,216600.0,2.25,13.25,11.5
1083,216800.0,5.0,13.25,11.75
1084,217000.0,3.5000000000000004,11.5,10.25
1085,217200.0,3.5000000000000004,12.0,10.0
1086,217400.0,3.5000000000000004,11.75,10.25
1087,217600.0,0.0,11.5,11.5
1088,217800.0,7.000000000000001,10.25,11.5
1089,218000.0,5.25,12.0,10.25
1090,218200.0,7.000000000000001,11.5,10.0
1091,218400.0,2.25,11.5,10.0
1092,218600.0,3.75,13.25,8.75
1093,218800.0,5.5,11.75,10.25
1094,219000.0,5.25,11.5,11.5
1095,219200.0,3.75,13.25,10.0
1096,219400.0,5.0,10.0,10.0
1097,219600.0,5.25,11.5,11.5
1098,219800.0,5.25,11.75,10.25
1099,220000.0,5.25,12.0,10.0
1100,220200.0,5.25,11.5,11.75
1101,220400.0,5.5,10.25,11.5
1102,220600.0,3.75,10.25,10.25
1103,220800.0,6.75,11.75,8.75
1104,221000.0,5.0,11.5,11.5
1105,221200.0,3.75,11.75,11.75
1106,221400.0,5.25,8.75,11.75
1107,221600.0,2.0,11.5,11.5
1108,221800.0,3.5000000000000004,11.75,10.0
1109,222000.0,5.25,11.5,11.5
1110,222200.0,5.5,10.25,8.75
1111,222400.0,6.75,11.5,11.75
1112,222600.0,2.0,12.0,11.5
1113,222800.0,7.000000000000001,12.0,11.5
1114,223000.0,3.75,12.0,11.75
1115,223200.0,2.0,12.0,11.75
1116,223400.0,2.25,13.25,10.0
1117,223600.0,5.0,11.5,11.5
1118,223800.0,5.0,11.75,11.5
1119,224000.0,2.0,10.0,10.25
1120,224200.0,5.25,12.0,11.5
1121,224400.0,5.25,11.5,11.5
1122,224600.0,6.75,11.5,11.5
1123,224800.0,2.25,11.75,10.0
1124,225000.0,5.25,11.75,11.5
1125,225200.0,3.75,11.5,10.0
1126,225400.0,5.0,12.0,11.75
1127,225600.0,3.75,11.5,8.25
1128,225800.0,5.0,11.5,11.5
1129,226000.0,3.75,10.25,8.75
1130,226200.0,3.5000000000000004,12.0,11.5
1131,226400.0,5.25,11.75,10.25
1132,226600.0,3.5000000000000004,11.5,8.75
1133,226800.0,0.5,11.5,11.75
1134,227000.0,2.25,11.75,10.0
1135,227200.0,5.0,12.0,11.75
1136,227400.0,3.5000000000000004,13.25,8.5
1137,227600.0,8.25,11.75,11.5
1138,227800.0,5.0,12.0,11.75
1139,228000.0,5.5,11.75,10.25
1140,228200.0,1.7500000000000002,11.75,11.5
1141,228400.0,5.25,12.0,11.5
1142,228600.0,3.5000000000000004,13.25,8.5
1143,228800.0,3.75,11.5,8.75
1144,229000.0,2.0,8.75,10.25
1145,229200.0,3.75,11.5,11.5
1146,229400.0,5.0,13.5,11.5
1147,229600.0,5.25,12.0,11.75
1148,229800.0,3.5000000000000004,11.5,10.25
1149,230000.0,1.7500000000000002,12.0,10.25
1150,230200.0,3.75,12.0,10.25
1151,230400.0,0.75,8.75,10.25
1152,230600.0,2.25,11.5,8.75
1153,230800.0,5.25,12.0,8.75
1154,231000.0,3.5000000000000004,11.75,10.25
1155,231200.0,2.25,11.75,11.75
1156,231400.0,5.5,11.5,8.75
1157,231600.0,7.000000000000001,11.5,10.0
1158,231800.0,5.25,12.0,8.5
1159,232000.0,5.5,11.75,11.75
1160,232200.0,3.5000000000000004,10.0,11.5
1161,232400.0,1.7500000000000002,12.0,11.5
1162,232600.0,7.000000000000001,11.75,10.25
1163,232800.0,2.25,13.25,11.5
1164,233000.0,2.25,12.0,10.0
1165,233200.0,2.25,11.75,10.25
1166,233400.0,2.0,11.5,10.25
1167,233600.0,3.75,10.25,11.5
1168,233800.0,5.25,8.5,8.75
1169,234000.0,3.75,11.5,8.75
1170,234200.0,5.0,12.0,11.75
1171,234400.0,5.5,11.75,10.25
1172,234600.0,5.25,11.5,10.0
1173,234800.0,5.5,11.75,11.5
1174,235000.0,2.25,10.25,10.25
1175,235200.0,3.75,12.0,8.75
1176,235400.0,5.5,11.75,11.75
1177,235600.0,3.5000000000000004,10.0,11.5
1178,235800.0,3.5000000000000004,11.5,8.5
1179,236000.0,5.5,11.5,8.75
1180,236200.0,2.25,11.5,10.0
1181,236400.0,5.5,11.75,11.5
1182,236600.0,5.5,13.25,11.75
1183,236800.0,5.0,11.75,11.5
1184,237000.0,3.5000000000000004,11.75,10.0
1185,237200.0,3.75,11.75,10.0
1186,237400.0,2.0,12.0,10.25
1187,237600.0,6.75,10.0,11.5
1188,237800.0,5.0,12.0,10.0
1189,238000.0,5.5,10.0,8.5
1190,238200.0,1.7500000000000002,10.25,8.75
1191,238400.0,5.0,12.0,11.75
1192,238600.0,3.5000000000000004,12.0,10.25
1193,238800.0,3.75,8.75,10.0
1194,239000.0,3.5000000000000004,11.5,11.5
1195,239200.0,5.25,12.0,7.000000000000001
1196,239400.0,2.25,10.25,11.75
1197,239600.0,5.0,10.25,11.5
1198,239800.0,2.25,10.25,8.5
1199,240000.0,3.75,11.75,11.75
1200,240200.0,5.5,12.0,10.25
1201,240400.0,2.0,10.0,11.5
1202,240600.0,5.25,11.5,10.0
1203,240800.0,5.5,11.75,11.5
1204,241000.0,6.75,12.0,10.0
1205,241200.0,5.25,11.5,11.75
1206,241400.0,5.0,10.0,11.75
1207,241600.0,3.75,12.0,11.75
1208,241800.0,5.5,11.75,11.5
1209,242000.0,5.0,12.0,8.25
1210,242200.0,5.25,11.5,11.5
1211,242400.0,5.0,10.25,10.25
1212,242600.0,6.75,11.75,8.75
1213,242800.0,3.5000000000000004,13.25,10.25
1214,243000.0,2.25,11.75,10.25
1215,243200.0,5.5,13.25,10.0
1216,243400.0,5.25,12.0,11.75
1217,243600.0,8.5,11.75,10.25
1218,243800.0,3.75,13.25,11.75
1219,244000.0,2.0,13.25,10.25
1220,244200.0,3.5000000000000004,12.0,11.75
1221,244400.0,2.25,11.75,10.0
1222,244600.0,3.5000000000000004,11.75,10.0
1223,244800.0,5.25,10.25,10.0
1224,245000.0,1.7500000000000002,11.5,10.0
1225,245200.0,7.000000000000001,11.75,10.0
1226,245400.0,3.75,11.5,10.25
1227,245600.0,2.25,13.25,8.75
1228,245800.0,3.75,11.75,10.0
1229,246000.0,1.7500000000000002,11.5,10.25
1230,246200.0,5.0,11.75,11.5
1231,246400.0,5.25,10.25,10.25
1232,246600.0,5.5,11.75,10.0
1233,246800.0,2.25,11.75,10.0
1234,247000.0,6.75,11.75,10.0
1235,247200.0,5.25,12.0,8.5
1236,247400.0,3.75,10.0,10.25
1237,247600.0,5.0,13.25,11.5
1238,247800.0,5.0,12.0,8.5
1239,248000.0,0.5,11.75,11.5
1240,248200.0,5.25,11.75,11.5
1241,248400.0,5.0,10.25,11.75
1242,248600.0,2.0,11.75,11.5
1243,248800.0,5.0,11.75,8.5
1244,249000.0,3.75,11.5,10.25
1245,249200.0,5.0,11.5,8.75
1246,249400.0,5.0,11.5,11.5
1247,249600.0,2.0,8.75,10.0
1248,249800.0,5.0,13.25,10.25
1249,250000.0,5.25,11.5,10.25
1250,250200.0,5.25,11.75,10.25
1251,250400.0,5.0,11.5,10.25
1252,250600.0,2.25,11.75,11.75
1253,250800.0,2.25,10.25,10.25
1254,251000.0,3.5000000000000004,12.0,11.5
1255,251200.0,6.75,12.0,11.5
1256,251400.0,3.5000000000000004,12.0,10.0
1257,251600.0,2.25,11.5,10.0
1258,251800.0,2.0,13.25,11.75
1259,252000.0,1.7500000000000002,12.0,11.75
1260,252200.0,2.25,13.25,11.5
1261,252400.0,1.7500000000000002,11.5,10.0
1262,252600.0,2.25,11.75,11.5
1263,252800.0,5.25,10.0,11.5
1264,253000.0,5.5,11.5,11.5
1265,253200.0,3.5000000000000004,12.0,11.5
1266,253400.0,3.5000000000000004,11.75,11.5
1267,253600.0,5.0,11.5,10.25
1268,253800.0,1.7500000000000002,12.0,10.0
1269,254000.0,2.0,11.75,10.25
1270,254200.0,0.75,13.5,10.25
1271,254400.0,2.25,12.0,11.5
1272,254600.0,8.25,10.25,10.25
1273,254800.0,3.75,11.75,10.25
1274,255000.0,5.25,10.25,10.25
1275,255200.0,2.0,12.0,10.25
1276,255400.0,8.5,11.5,11.5
1277,255600.0,2.25,10.0,10.0
1278,255800.0,5.25,12.0,10.25
1279,256000.0,8.25,13.25,10.0
1280,256200.0,3.5000000000000004,10.25,8.75
1281,256400.0,2.25,13.25,10.25
1282,256600.0,2.0,10.25,11.75
1283,256800.0,6.75,13.5,10.0
1284,257000.0,6.75,11.5,11.75
1285,257200.0,5.0,11.5,10.25
1286,257400.0,7.000000000000001,11.5,10.0
1287,257600.0,5.5,11.75,10.0
1288,257800.0,5.5,13.25,10.25
1289,258000.0,5.0,10.0,10.0
1290,258200.0,6.75,10.25,10.0
1291,258400.0,6.75,13.25,11.75
1292,258600.0,3.5000000000000004,13.25,8.75
1293,258800.0,7.000000000000001,11.5,10.25
1294,259000.0,3.75,11.5,11.5
1295,259200.0,5.5,11.5,11.5
1296,259400.0,3.5000000000000004,11.5,10.25
1297,259600.0,5.5,13.25,10.25
1298,259800.0,2.0,11.75,11.75
1299,260000.0,5.0,12.0,10.25
1300,260200.0,3.75,12.0,11.5
1301,260400.0,3.5000000000000004,11.75,11.75
1302,260600.0,2.0,10.25,11.5
1303,260800.0,5.0,11.75,10.25
1304,261000.0,5.0,12.0,8.75
1305,261200.0,3.5000000000000004,13.25,11.5
1306,261400.0,5.25,10.0,11.5
1307,261600.0,5.5,12.0,11.75
1308,261800.0,2.25,11.5,8.75
1309,262000.0,5.0,13.25,10.25
1310,262200.0,3.75,12.0,10.25
1311,262400.0,5.25,11.5,11.75
1312,262600.0,3.75,11.5,11.75
1313,262800.0,5.0,11.75,11.75
1314,263000.0,5.0,12.0,11.5
1315,263200.0,7.000000000000001,12.0,10.25
1316,263400.0,3.75,13.5,11.75
1317,263600.0,3.5000000000000004,12.0,8.75
1318,263800.0,2.25,12.0,10.25
1319,264000.0,5.0,11.75,8.75
1320,264200.0,2.25,10.25,10.25
1321,264400.0,3.75,12.0,10.25
1322,264600.0,1.7500000000000002,11.5,10.0
1323,264800.0,3.75,12.0,11.75
1324,265000.0,5.5,10.0,11.75
1325,265200.0,3.5000000000000004,10.25,10.25
1326,265400.0,3.75,10.25,10.25
1327,265600.0,2.25,11.75,11.5
1328,265800.0,2.25,12.0,11.5
1329,266000.0,3.5000000000000004,11.5,11.5
1330,266200.0,5.0,11.5,8.75
1331,266400.0,3.5000000000000004,11.5,10.0
1332,266600.0,6.75,10.25,10.0
1333,266800.0,2.25,10.25,11.75
1334,267000.0,2.25,11.75,8.75
1335,267200.0,5.25,11.5,10.25
1336,267400.0,5.0,11.5,10.0
1337,267600.0,5.5,11.75,11.5
1338,267800.0,0.5,13.25,10.25
1339,268000.0,3.75,12.0,11.5
1340,268200.0,1.7500000000000002,11.5,10.25
1341,268400.0,2.25,13.25,8.75
1342,268600.0,7.000000000000001,11.5,10.25
1343,268800.0,5.0,11.75,11.5
1344,269000.0,7.000000000000001,14.75,8.75
1345,269200.0,5.0,11.75,10.25
1346,269400.0,5.0,12.0,10.25
1347,269600.0,5.5,10.0,11.5
1348,269800.0,5.25,12.0,11.5
1349,270000.0,5.0,11.75,11.75
1350,270200.0,7.000000000000001,13.25,10.25
1351,270400.0,3.75,10.25,11.75
1352,270600.0,5.25,13.5,11.5
1353,270800.0,5.0,11.75,11.75
1354,271000.0,5.0,11.75,8.5
1355,271200.0,2.25,8.75,11.5
1356,271400.0,2.0,11.5,11.75
1357,271600.0,5.0,10.25,10.25
1358,271800.0,3.75,12.0,10.0
1359,272000.0,5.25,13.25,11.5
1360,272200.0,3.5000000000000004,12.0,11.75
1361,272400.0,2.25,11.75,11.75
1362,272600.0,2.25,11.5,11.75
1363,272800.0,2.0,12.0,10.0
1364,273000.0,0.75,11.5,10.0
1365,273200.0,5.5,11.75,10.25
1366,273400.0,3.75,11.75,10.25
1367,273600.0,2.25,11.75,11.5
1368,273800.0,5.0,11.5,11.5
1369,274000.0,5.0,13.25,8.25
1370,274200.0,3.5000000000000004,12.0,10.25
1371,274400.0,5.25,11.75,8.5
1372,274600.0,7.000000000000001,10.25,11.75
1373,274800.0,5.0,11.75,10.25
1374,275000.0,3.75,11.75,10.25
1375,275200.0,2.25,11.75,8.75
1376,275400.0,3.5000000000000004,10.0,11.5
1377,275600.0,2.25,12.0,11.75
1378,275800.0,5.0,12.0,11.5
1379,276000.0,3.5000000000000004,10.25,10.25
1380,276200.0,2.25,8.75,11.5
1381,276400.0,1.7500000000000002,11.75,10.25
1382,276600.0,5.25,11.75,10.0
1383,276800.0,3.5000000000000004,12.0,8.75
1384,277000.0,1.7500000000000002,12.0,10.0
1385,277200.0,8.5,10.25,10.0
1386,277400.0,0.5,10.25,11.5
1387,277600.0,5.5,11.75,10.25
1388,277800.0,5.5,11.75,11.5
1389,278000.0,5.0,11.5,11.75
1390,278200.0,3.5000000000000004,11.75,10.25
1391,278400.0,6.75,13.25,11.5
1392,278600.0,5.0,11.75,8.75
1393,278800.0,5.5,13.5,11.75
1394,279000.0,1.7500000000000002,11.5,10.0
1395,279200.0,2.0,11.5,10.25
1396,279400.0,3.5000000000000004,11.75,11.75
1397,279600.0,5.25,10.0,11.75
1398,279800.0,2.25,13.25,10.0
1399,280000.0,8.25,12.0,11.75
1400,280200.0,3.75,11.5,11.5
1401,280400.0,8.5,13.25,10.0
1402,280600.0,6.75,12.0,11.5
1403,280800.0,3.5000000000000004,12.0,11.75
1404,281000.0,2.0,11.75,10.25
1405,281200.0,6.75,10.25,10.25
1406,281400.0,3.75,12.0,8.5
1407,281600.0,7.000000000000001,13.5,10.0
1408,281800.0,3.5000000000000004,13.5,11.5
1409,282000.0,5.5,11.75,10.25
1410,282200.0,3.5000000000000004,10.0,10.0
1411,282400.0,6.75,11.75,10.25
1412,282600.0,3.75,11.5,10.0
1413,282800.0,5.25,8.5,8.75
1414,283000.0,3.5000000000000004,13.25,11.5
1415,283200.0,3.75,11.5,10.0
1416,283400.0,2.0,12.0,11.5
1417,283600.0,5.25,11.75,10.25
1418,283800.0,5.5,11.75,11.75
1419,284000.0,2.0,13.25,10.0
1420,284200.0,7.000000000000001,10.25,11.5
1421,284400.0,2.0,13.25,10.0
1422,284600.0,5.5,13.5,10.25
1423,284800.0,5.0,11.5,11.75
1424,285000.0,5.0,12.0,11.5
1425,285200.0,3.75,11.5,11.5
1426,285400.0,5.0,13.25,10.25
1427,285600.0,2.0,13.25,10.0
1428,285800.0,5.25,11.75,10.0
1429,286000.0,8.25,11.75,11.5
1430,286200.0,0.5,11.75,8.75
1431,286400.0,0.25,12.0,10.25
1432,286600.0,3.75,11.75,11.5
1433,286800.0,5.5,11.75,8.75
1434,287000.0,3.75,12.0,10.0
1435,287200.0,1.7500000000000002,10.25,10.25
1436,287400.0,5.0,13.25,11.5
1437,287600.0,5.5,10.25,11.5
1438,287800.0,7.000000000000001,11.75,8.5
1439,288000.0,6.75,11.5,11.75
1440,288200.0,3.75,10.25,11.75
1441,288400.0,5.0,13.25,8.75
1442,288600.0,1.7500000000000002,10.25,10.25
1443,288800.0,5.5,12.0,11.5
1444,289000.0,5.25,11.75,10.25
1445,289200.0,5.25,11.5,10.25
1446,289400.0,5.25,12.0,10.25
1447,289600.0,2.25,11.5,11.5
1448,289800.0,3.75,10.25,10.0
1449,290000.0,3.5000000000000004,10.25,11.75
1450,290200.0,5.0,11.5,11.5
1451,290400.0,2.25,11.5,11.5
1452,290600.0,5.5,11.75,10.0
1453,290800.0,3.75,12.0,11.75
1454,291000.0,7.000000000000001,11.5,8.75
1455,291200.0,7.000000000000001,11.75,11.75
1456,291400.0,5.0,13.25,11.5
1457,291600.0,5.25,11.75,11.5
1458,291800.0,2.0,10.25,11.5
1459,292000.0,0.5,13.25,11.5
1460,292200.0,3.5000000000000004,10.25,11.5
1461,292400.0,6.75,12.0,11.75
1462,292600.0,2.25,12.0,11.75
1463,292800.0,8.25,11.5,11.75
1464,293000.0,2.0,11.75,10.25
1465,293200.0,6.75,12.0,11.75
1466,293400.0,1.7500000000000002,11.75,11.5
1467,293600.0,3.75,11.75,10.0
1468,293800.0,5.0,13.5,11.5
1469,294000.0,5.25,12.0,10.25
1470,294200.0,6.75,10.25,10.25
1471,294400.0,5.25,12.0,10.25
1472,294600.0,5.5,14.75,11.5
1473,294800.0,2.0,11.5,11.5
1474,295000.0,5.25,11.75,10.0
1475,295200.0,6.75,11.5,11.5
1476,295400.0,3.5000000000000004,11.75,8.75
1477,295600.0,1.7500000000000002,10.25,11.5
1478,295800.0,3.75,11.75,11.5
1479,296000.0,3.75,12.0,11.5
1480,296200.0,5.5,12.0,11.5
1481,296400.0,6.75,13.25,8.75
1482,296600.0,5.0,12.0,11.5
1483,296800.0,2.25,10.25,10.0
1484,297000.0,2.25,8.75,10.25
1485,297200.0,0.5,11.75,10.25
1486,297400.0,1.7500000000000002,10.25,11.5
1487,297600.0,2.0,11.5,11.5
1488,297800.0,3.75,10.25,11.5
1489,298000.0,5.25,12.0,11.5
1490,298200.0,5.25,12.0,10.0
1491,298400.0,5.0,10.25,10.0
1492,298600.0,3.5000000000000004,11.75,11.5
1493,298800.0,3.75,12.0,11.75
1494,299000.0,3.75,12.0,11.75
1495,299200.0,3.75,13.25,10.0
1496,299400.0,2.0,13.25,10.0
1497,299600.0,8.5,13.25,11.75
1498,299800.0,6.75,11.75,11.5
1499,300000.0,3.75,10.25,10.25
1500,300200.0,1.7500000000000002,12.0,11.75
1501,300400.0,2.25,13.25,11.5
1502,300600.0,5.25,11.75,10.0
1503,300800.0,5.0,11.5,10.25
1504,301000.0,5.5,11.75,11.75
1505,301200.0,5.5,11.5,10.25
1506,301400.0,3.75,11.75,11.5
1507,301600.0,8.25,11.5,11.5
1508,301800.0,3.75,11.5,10.25
1509,302000.0,5.0,13.25,10.0
1510,302200.0,5.0,13.25,11.5
1511,302400.0,5.0,11.75,11.5
1512,302600.0,5.0,11.75,8.75
1513,302800.0,6.75,12.0,11.75
1514,303000.0,8.75,11.75,11.5
1515,303200.0,3.75,10.25,10.25
1516,303400.0,5.5,10.25,8.75
1517,303600.0,3.75,13.25,11.5
1518,303800.0,3.5000000000000004,11.75,11.75
1519,304000.0,3.5000000000000004,12.0,11.75
1520,304200.0,6.75,11.75,11.5
1521,304400.0,5.5,12.0,8.5
1522,304600.0,0.5,10.0,11.5
1523,304800.0,7.000000000000001,11.5,10.25
1524,305000.0,3.5000000000000004,11.75,10.25
1525,305200.0,6.75,12.0,11.5
1526,305400.0,3.75,11.5,10.25
1527,305600.0,3.75,11.75,10.0
1528,305800.0,5.25,11.5,11.5
1529,306000.0,1.7500000000000002,12.0,10.25
1530,306200.0,5.5,11.5,11.5
1531,306400.0,2.0,11.75,11.5
1532,306600.0,5.5,12.0,10.25
1533,306800.0,3.5000000000000004,10.25,10.0
1534,307000.0,2.25,11.75,10.0
1535,307200.0,3.5000000000000004,11.5,8.75
1536,307400.0,2.0,11.75,8.75
1537,307600.0,2.0,10.25,10.25
1538,307800.0,3.5000000000000004,13.25,11.75
1539,308000.0,5.5,11.5,11.5
1540,308200.0,2.25,13.25,11.75
1541,308400.0,3.75,11.5,11.75
1542,308600.0,2.25,11.75,11.5
1543,308800.0,3.75,11.5,11.5
1544,309000.0,5.5,12.0,11.5
1545,309200.0,2.0,11.75,11.75
1546,309400.0,2.0,11.5,10.25
1547,309600.0,0.5,11.5,10.25
1548,309800.0,3.75,12.0,8.75
1549,310000.0,7.000000000000001,11.5,8.75
1550,310200.0,3.75,11.75,11.75
1551,310400.0,5.25,13.5,11.75
1552,310600.0,5.25,12.0,8.5
1553,310800.0,3.75,10.25,11.5
1554,311000.0,3.75,12.0,10.0
1555,311200.0,3.5000000000000004,11.75,11.5
1556,311400.0,3.75,10.0,10.0
1557,311600.0,3.5000000000000004,10.25,11.5
1558,311800.0,6.75,11.75,11.5
1559,312000.0,5.0,10.25,11.5
1560,312200.0,5.0,13.25,11.5
1561,312400.0,8.25,12.0,10.0
1562,312600.0,3.75,11.5,11.75
1563,312800.0,5.25,11.5,11.5
1564,313000.0,2.25,11.75,10.0
1565,313200.0,8.25,12.0,11.5
1566,313400.0,1.7500000000000002,11.75,10.0
1567,313600.0,3.75,10.25,11.5
1568,313800.0,3.5000000000000004,12.0,11.5
1569,314000.0,7.000000000000001,13.25,8.75
1570,314200.0,2.25,11.5,11.5
1571,314400.0,3.75,11.5,10.25
1572,314600.0,3.75,11.5,11.75
1573,314800.0,2.25,12.0,10.25
1574,315000.0,2.0,12.0,11.5
1575,315200.0,5.0,12.0,10.25
1576,315400.0,5.25,12.0,10.25
1577,315600.0,3.75,11.5,11.75
1578,315800.0,3.75,13.5,11.5
1579,316000.0,5.5,11.75,8.75
1580,316200.0,7.000000000000001,10.25,10.0
1581,316400.0,3.5000000000000004,11.5,10.25
1582,316600.0,3.75,12.0,11.5
1583,316800.0,3.5000000000000004,12.0,10.0
1584,317000.0,8.25,11.75,10.25
1585,317200.0,3.75,13.25,10.25
1586,317400.0,2.25,11.5,11.5
1587,317600.0,5.5,11.5,11.5
1588,317800.0,1.7500000000000002,13.25,10.25
1589,318000.0,3.75,11.75,11.75
1590,318200.0,3.5000000000000004,10.25,8.75
1591,318400.0,5.25,10.25,8.75
1592,318600.0,7.000000000000001,13.25,8.75
1593,318800.0,5.5,10.25,10.25
1594,319000.0,3.75,8.75,10.25
1595,319200.0,7.000000000000001,12.0,10.0
1596,319400.0,2.25,11.5,11.5
1597,319600.0,3.75,11.5,10.25
1598,319800.0,0.5,11.75,11.5
1599,320000.0,3.75,11.5,11.5
1600,320200.0,3.75,11.5,10.25
1601,320400.0,5.25,11.5,11.75
1602,320600.0,5.25,12.0,11.75
1603,320800.0,5.0,12.0,10.0
1604,321000.0,3.75,13.25,11.5
1605,321200.0,5.0,11.75,8.75
1606,321400.0,5.5,11.75,11.5
1607,321600.0,5.25,8.75,10.25
1608,321800.0,3.5000000000000004,12.0,11.75
1609,322000.0,2.0,12.0,11.5
1610,322200.0,5.25,12.0,11.5
1611,322400.0,3.5000000000000004,10.25,10.25
1612,322600.0,5.0,12.0,8.75
1613,322800.0,5.25,11.75,10.25
1614,323000.0,3.75,11.5,10.0
1615,323200.0,5.0,10.25,11.5
1616,323400.0,5.25,10.0,10.0
1617,323600.0,2.0,11.5,10.25
1618,323800.0,2.25,10.25,11.5
1619,324000.0,3.5000000000000004,11.75,8.5
1620,324200.0,1.7500000000000002,12.0,11.5
1621,324400.0,3.5000000000000004,10.0,10.25
1622,324600.0,2.25,12.0,10.25
1623,324800.0,3.5000000000000004,11.5,11.75
1624,325000.0,3.75,12.0,11.75
1625,325200.0,1.7500000000000002,11.75,10.0
1626,325400.0,3.5000000000000004,11.75,10.25
1627,325600.0,2.0,12.0,11.75
1628,325800.0,5.5,10.25,10.0
1629,326000.0,6.75,13.25,11.75
1630,326200.0,2.0,12.0,10.0
1631,326400.0,2.25,11.75,10.0
1632,326600.0,5.5,12.0,10.0
1633,326800.0,6.75,11.75,10.0
1634,327000.0,2.25,10.25,10.25
1635,327200.0,5.0,10.0,8.75
1636,327400.0,3.75,8.75,10.0
1637,327600.0,3.5000000000000004,11.75,8.5
1638,327800.0,3.75,12.0,10.25
1639,328000.0,3.75,11.75,10.0
1640,328200.0,5.25,11.75,11.5
1641,328400.0,5.5,10.25,11.5
1642,328600.0,5.0,10.0,10.25
1643,328800.0,1.7500000000000002,11.5,10.25
1644,329000.0,3.75,12.0,10.25
1645,329200.0,6.75,11.75,11.75
1646,329400.0,5.0,10.25,8.5
1647,329600.0,3.75,11.75,11.5
1648,329800.0,5.5,11.75,10.0
1649,330000.0,2.0,12.0,11.5
1650,330200.0,3.75,10.25,11.5
1651,330400.0,5.25,11.5,11.75
1652,330600.0,5.0,11.75,10.0
1653,330800.0,3.75,8.75,10.25
1654,331000.0,3.75,11.75,11.5
1655,331200.0,2.25,12.0,10.25
1656,331400.0,3.5000000000000004,11.5,10.0
1657,331600.0,5.0,12.0,10.25
1658,331800.0,3.75,10.0,10.0
1659,332000.0,2.25,11.5,11.5
1660,332200.0,5.25,11.75,10.0
1661,332400.0,5.0,10.25,10.25
1662,332600.0,3.75,11.75,10.0
1663,332800.0,5.5,12.0,11.75
1664,333000.0,2.25,13.5,10.0
1665,333200.0,2.25,11.5,10.0
1666,333400.0,1.7500000000000002,12.0,10.0
1667,333600.0,8.25,11.5,10.25
1668,333800.0,5.0,11.5,10.25
1669,334000.0,2.25,13.25,11.5
1670,334200.0,0.5,11.5,11.75
1671,334400.0,8.25,13.5,11.75
1672,334600.0,5.5,11.75,11.5
1673,334800.0,2.0,13.25,10.0
1674,335000.0,5.0,11.75,11.5
1675,335200.0,6.75,10.0,11.5
1676,335400.0,7.000000000000001,13.25,11.5
1677,335600.0,7.000000000000001,12.0,11.75
1678,335800.0,6.75,10.0,8.75
1679,336000.0,6.75,10.0,11.75
1680,336200.0,2.0,13.5,10.25
1681,336400.0,6.75,11.75,10.0
1682,336600.0,5.5,13.25,11.75
1683,336800.0,3.75,13.25,10.25
1684,337000.0,2.0,11.75,10.0
1685,337200.0,5.25,10.25,11.5
1686,337400.0,2.25,13.5,10.0
1687,337600.0,6.75,11.5,10.25
1688,337800.0,1.7500000000000002,10.25,10.0
1689,338000.0,3.75,11.5,11.5
1690,338200.0,6.75,11.75,10.25
1691,338400.0,3.75,11.75,10.25
1692,338600.0,5.0,11.5,10.0
1693,338800.0,5.0,13.25,10.25
1694,339000.0,1.7500000000000002,12.0,10.0
1695,339200.0,2.25,13.25,11.5
1696,339400.0,3.5000000000000004,12.0,10.25
1697,339600.0,0.5,11.5,11.5
1698,339800.0,2.0,11.5,10.0
1699,340000.0,7.000000000000001,13.25,10.25
1700,340200.0,0.5,12.0,10.0
1701,340400.0,5.5,12.0,10.25
1702,340600.0,5.0,12.0,11.5
1703,340800.0,5.5,8.75,11.5
1704,341000.0,3.75,11.75,11.5
1705,341200.0,6.75,11.5,10.25
1706,341400.0,2.25,11.75,11.75
1707,341600.0,0.5,10.25,10.25
1708,341800.0,7.000000000000001,11.5,11.75
1709,342000.0,2.25,12.0,10.0
1710,342200.0,5.25,11.5,10.25
1711,342400.0,5.0,10.25,10.25
1712,342600.0,5.25,12.0,10.0
1713,342800.0,7.000000000000001,14.75,11.5
1714,343000.0,3.75,13.25,11.75
1715,343200.0,5.5,13.5,10.25
1716,343400.0,3.5000000000000004,11.75,10.0
1717,343600.0,5.0,13.25,8.75
1718,343800.0,5.5,10.25,11.5
1719,344000.0,6.75,10.25,10.0
1720,344200.0,8.75,11.5,10.0
1721,344400.0,5.0,10.25,11.5
1722,344600.0,5.0,11.75,10.0
1723,344800.0,5.0,10.25,8.75
1724,345000.0,2.25,11.75,11.75
1725,345200.0,2.25,13.5,11.75
1726,345400.0,5.25,11.75,10.25
1727,345600.0,5.0,13.5,10.25
1728,345800.0,5.25,13.25,10.25
1729,346000.0,5.0,11.5,10.25
1730,346200.0,6.75,12.0,11.75
1731,346400.0,5.25,10.0,11.75
1732,346600.0,5.25,11.75,11.5
1733,346800.0,2.25,11.75,11.5
1734,347000.0,3.75,12.0,11.75
1735,347200.0,3.75,11.75,11.5
1736,347400.0,1.7500000000000002,11.75,10.25
1737,347600.0,3.5000000000000004,11.75,11.5
1738,347800.0,1.7500000000000002,11.75,11.75
1739,348000.0,2.0,12.0,10.25
1740,348200.0,3.75,12.0,10.25
1741,348400.0,2.25,11.75,11.75
1742,348600.0,5.5,11.75,8.75
1743,348800.0,5.5,11.5,11.75
1744,349000.0,5.25,11.75,11.75
1745,349200.0,3.5000000000000004,10.25,11.5
1746,349400.0,2.25,11.75,10.25
1747,349600.0,6.75,12.0,11.5
1748,349800.0,2.0,13.5,10.0
1749,350000.0,3.5000000000000004,12.0,10.25
1750,350200.0,5.0,12.0,11.75
1751,350400.0,5.0,11.5,11.5
1752,350600.0,2.25,15.0,11.5
1753,350800.0,3.75,11.75,10.25
1754,351000.0,5.25,13.25,11.75
1755,351200.0,5.0,12.0,11.75
1756,351400.0,6.75,10.25,11.75
1757,351600.0,3.5000000000000004,11.75,8.5
1758,351800.0,3.75,11.5,10.0
1759,352000.0,5.0,13.5,11.75
1760,352200.0,1.7500000000000002,11.75,10.25
1761,352400.0,3.5000000000000004,10.0,8.75
1762,352600.0,2.0,11.5,10.0
1763,352800.0,1.7500000000000002,11.5,10.25
1764,353000.0,5.0,11.75,10.0
1765,353200.0,0.25,11.75,10.25
1766,353400.0,5.25,11.75,11.75
1767,353600.0,1.7500000000000002,12.0,10.25
1768,353800.0,5.5,11.75,10.25
1769,354000.0,5.5,13.25,11.75
1770,354200.0,2.25,11.75,10.25
1771,354400.0,5.25,11.5,11.5
1772,354600.0,5.0,12.0,10.25
1773,354800.0,5.0,11.75,11.5
1774,355000.0,5.5,11.75,10.25
1775,355200.0,5.0,12.0,11.75
1776,355400.0,2.25,11.5,10.0
1777,355600.0,3.75,12.0,11.5
1778,355800.0,5.25,10.0,10.25
1779,356000.0,3.75,11.5,11.5
1780,356200.0,5.5,13.25,11.75
1781,356400.0,5.5,12.0,10.25
1782,356600.0,3.75,11.75,10.25
1783,356800.0,5.5,13.25,10.25
1784,357000.0,3.75,13.25,11.75
1785,357200.0,3.5000000000000004,10.25,11.75
1786,357400.0,2.25,11.5,10.0
1787,357600.0,0.5,11.75,10.0
1788,357800.0,6.75,13.25,8.75
1789,358000.0,3.75,12.0,10.25
1790,358200.0,3.75,11.5,10.25
1791,358400.0,1.7500000000000002,10.25,10.25
1792,358600.0,2.0,11.75,11.75
1793,358800.0,3.75,12.0,8.75
1794,359000.0,3.75,10.0,11.5
1795,359200.0,3.75,11.75,11.5
1796,359400.0,5.5,11.75,11.75
1797,359600.0,5.0,14.75,10.25
1798,359800.0,3.5000000000000004,13.5,11.5
1799,360000.0,7.000000000000001,12.0,10.25
1800,360200.0,2.0,11.75,10.0
1801,360400.0,5.25,10.25,11.75
1802,360600.0,2.25,13.25,10.25
1803,360800.0,5.25,8.5,10.0
1804,361000.0,5.5,11.75,10.25
1805,361200.0,6.75,13.25,11.75
1806,361400.0,2.0,8.75,10.25
1807,361600.0,2.25,10.0,8.75
1808,361800.0,3.75,11.5,11.5
1809,362000.0,5.0,11.75,11.5
1810,362200.0,5.5,11.75,10.25
1811,362400.0,3.5000000000000004,12.0,10.0
1812,362600.0,6.75,11.75,11.5
1813,362800.0,3.5000000000000004,8.75,10.0
1814,363000.0,3.75,10.0,10.25
1815,363200.0,5.25,12.0,10.25
1816,363400.0,2.0,12.0,10.0
1817,363600.0,1.7500000000000002,13.5,11.75
1818,363800.0,3.75,13.25,11.75
1819,364000.0,0.5,13.25,8.75
1820,364200.0,3.5000000000000004,13.25,10.0
1821,364400.0,2.25,11.75,11.75
1822,364600.0,5.25,11.75,10.0
1823,364800.0,3.75,11.75,10.0
1824,365000.0,5.25,11.75,10.0
1825,365200.0,3.75,11.75,8.5
1826,365400.0,5.0,11.75,10.25
1827,365600.0,7.000000000000001,11.5,10.0
1828,365800.0,2.25,11.75,10.0
1829,366000.0,3.75,11.5,11.5
1830,366200.0,5.5,12.0,10.25
1831,366400.0,3.75,12.0,11.75
1832,366600.0,6.75,10.0,11.5
1833,366800.0,3.5000000000000004,13.5,10.25
1834,367000.0,3.5000000000000004,10.25,10.25
1835,367200.0,2.0,12.0,10.0
1836,367400.0,5.0,11.5,10.25
1837,367600.0,3.5000000000000004,11.5,11.5
1838,367800.0,2.25,12.0,10.25
1839,368000.0,5.25,10.25,11.5
1840,368200.0,6.75,11.75,8.25
1841,368400.0,7.000000000000001,13.5,10.0
1842,368600.0,1.7500000000000002,12.0,10.25
1843,368800.0,3.75,11.75,10.0
1844,369000.0,5.0,11.5,10.0
1845,369200.0,2.25,11.5,11.75
1846,369400.0,5.0,11.5,11.5
1847,369600.0,5.5,11.75,11.5
1848,369800.0,2.0,10.25,8.25
1849,370000.0,5.5,10.0,8.75
1850,370200.0,3.75,13.5,11.75
1851,370400.0,5.0,13.25,10.25
1852,370600.0,3.75,11.5,10.0
1853,370800.0,5.25,10.0,10.25
1854,371000.0,3.5000000000000004,12.0,11.5
1855,371200.0,5.0,12.0,10.25
1856,371400.0,2.25,13.25,8.75
1857,371600.0,3.5000000000000004,8.75,10.25
1858,371800.0,6.75,12.0,10.25
1859,372000.0,3.75,11.75,10.0
1860,372200.0,3.75,12.0,10.0
1861,372400.0,2.25,11.5,11.5
1862,372600.0,5.25,11.75,10.25
1863,372800.0,2.0,13.25,8.75
1864,373000.0,5.25,12.0,11.5
1865,373200.0,2.0,11.5,11.75
1866,373400.0,2.25,11.75,10.0
1867,373600.0,3.5000000000000004,11.5,10.25
1868,373800.0,2.25,10.25,11.5
1869,374000.0,3.75,12.0,11.5
1870,374200.0,5.0,10.25,11.5
1871,374400.0,7.000000000000001,13.5,11.75
1872,374600.0,3.5000000000000004,11.75,11.5
1873,374800.0,8.25,8.75,10.25
1874,375000.0,5.0,13.25,10.0
1875,375200.0,2.0,11.5,11.75
1876,375400.0,3.5000000000000004,11.75,11.75
1877,375600.0,5.0,11.75,8.75
1878,375800.0,3.75,11.75,10.0
1879,376000.0,3.5000000000000004,10.25,11.5
1880,376200.0,3.75,10.0,11.5
1881,376400.0,6.75,11.75,10.0
1882,376600.0,2.25,12.0,11.5
1883,376800.0,3.5000000000000004,11.75,11.5
1884,377000.0,5.25,12.0,10.0
1885,377200.0,3.75,11.5,11.5
1886,377400.0,5.0,13.25,10.0
1887,377600.0,5.5,11.5,11.5
1888,377800.0,5.0,10.0,10.25
1889,378000.0,7.000000000000001,10.0,11.5
1890,378200.0,3.75,11.5,11.5
1891,378400.0,2.25,13.5,11.5
1892,378600.0,2.0,12.0,10.25
1893,378800.0,2.0,11.75,10.25
1894,379000.0,2.25,10.25,10.25
1895,379200.0,1.7500000000000002,11.5,10.25
1896,379400.0,3.75,14.75,10.25
1897,379600.0,5.25,11.75,8.75
1898,379800.0,3.5000000000000004,13.25,11.5
1899,380000.0,6.75,11.5,10.0
1900,380200.0,5.0,11.75,10.0
1901,380400.0,3.5000000000000004,11.75,11.5
1902,380600.0,3.75,11.75,8.75
1903,380800.0,5.25,11.5,8.75
1904,381000.0,5.0,10.25,11.75
1905,381200.0,5.5,10.25,11.5
1906,381400.0,2.0,11.75,11.5
1907,381600.0,5.25,12.0,10.25
1908,381800.0,5.25,11.5,8.75
1909,382000.0,8.25,12.0,8.5
1910,382200.0,5.0,10.0,10.0
1911,382400.0,5.25,11.75,10.25
1912,382600.0,6.75,12.0,10.0
1913,382800.0,6.75,11.75,10.0
1914,383000.0,7.000000000000001,13.25,11.75
1915,383200.0,7.000000000000001,11.75,10.25
1916,383400.0,8.25,12.0,8.75
1917,383600.0,2.0,11.5,11.75
1918,383800.0,2.25,11.75,10.25
1919,384000.0,0.25,12.0,8.75
1920,384200.0,6.75,12.0,10.25
1921,384400.0,3.75,12.0,11.5
1922,384600.0,2.0,11.75,10.25
1923,384800.0,5.0,11.75,10.25
1924,385000.0,2.25,11.75,11.5
1925,385200.0,5.25,12.0,8.75
1926,385400.0,3.5000000000000004,11.5,10.0
1927,385600.0,5.5,13.25,8.5
1928,385800.0,3.5000000000000004,10.0,11.75
1929,386000.0,1.7500000000000002,12.0,10.0
1930,386200.0,3.75,13.25,10.25
1931,386400.0,2.0,10.25,10.0
1932,386600.0,5.25,11.5,11.5
1933,386800.0,5.25,11.75,10.0
1934,387000.0,5.25,11.75,10.25
1935,387200.0,3.75,10.0,8.75
1936,387400.0,3.5000000000000004,11.75,8.75
1937,387600.0,3.75,13.25,10.25
1938,387800.0,8.25,11.75,10.25
1939,388000.0,1.7500000000000002,14.75,8.75
1940,388200.0,2.0,12.0,10.0
1941,388400.0,3.75,12.0,10.25
1942,388600.0,5.25,12.0,10.0
1943,388800.0,3.75,12.0,11.75
1944,389000.0,5.0,13.25,11.5
1945,389200.0,5.0,11.75,10.25
1946,389400.0,2.25,8.75,11.5
1947,389600.0,5.25,11.5,11.5
1948,389800.0,2.25,11.5,11.5
1949,390000.0,5.25,12.0,8.75
1950,390200.0,2.0,13.25,8.75
1951,390400.0,3.5000000000000004,11.75,10.0
1952,390600.0,5.0,13.25,11.75
1953,390800.0,3.75,10.25,10.25
1954,391000.0,2.0,10.25,11.75
1955,391200.0,5.0,10.25,10.25
1956,391400.0,7.000000000000001,11.75,11.75
1957,391600.0,2.0,11.75,10.0
1958,391800.0,5.25,10.25,11.5
1959,392000.0,3.75,12.0,10.25
1960,392200.0,5.0,14.75,11.5
1961,392400.0,2.0,11.75,8.75
1962,392600.0,2.25,12.0,8.75
1963,392800.0,5.0,11.75,11.5
1964,393000.0,2.0,13.25,11.75
1965,393200.0,2.25,11.5,10.25
1966,393400.0,2.25,8.75,10.25
1967,393600.0,2.25,13.25,10.25
1968,393800.0,5.0,10.25,11.75
1969,394000.0,3.5000000000000004,11.5,10.25
1970,394200.0,2.25,12.0,10.25
1971,394400.0,3.5000000000000004,11.5,10.25
1972,394600.0,3.5000000000000004,11.5,11.5
1973,394800.0,5.5,12.0,10.0
1974,395000.0,6.75,12.0,10.0
1975,395200.0,5.0,11.5,10.0
1976,395400.0,3.5000000000000004,8.25,10.0
1977,395600.0,5.0,11.5,10.25
1978,395800.0,3.75,11.75,10.25
1979,396000.0,2.0,10.25,11.5
1980,396200.0,2.0,11.5,11.75
1981,396400.0,3.75,11.75,11.75
1982,396600.0,2.0,13.25,11.5
1983,396800.0,3.75,13.25,8.75
1984,397000.0,5.0,11.75,11.75
1985,397200.0,6.75,13.5,11.5
1986,397400.0,2.25,13.5,10.25
1987,397600.0,5.25,12.0,11.75
1988,397800.0,6.75,11.75,11.75
1989,398000.0,3.75,12.0,11.75
1990,398200.0,3.5000000000000004,13.25,10.0
1991,398400.0,5.25,11.75,10.25
1992,398600.0,2.25,11.5,11.5
1993,398800.0,3.75,11.75,11.75
1994,399000.0,3.75,11.75,8.75
1995,399200.0,3.75,11.5,10.25
1996,399400.0,5.0,10.0,8.75
1997,399600.0,5.5,11.75,11.5
1998,399800.0,1.7500000000000002,11.5,11.75
1999,400000.0,5.0,13.25,11.5
2000,400200.0,2.25,11.5,8.5
2001,400400.0,3.75,13.25,8.75
2002,400600.0,3.5000000000000004,10.25,11.75
2003,400800.0,1.7500000000000002,13.25,10.0
2004,401000.0,5.5,11.75,10.25
2005,401200.0,2.25,13.25,11.5
2006,401400.0,8.5,12.0,10.0
2007,401600.0,5.25,11.75,11.5
2008,401800.0,5.0,8.75,10.25
2009,402000.0,3.75,11.75,10.25
2010,402200.0,1.7500000000000002,12.0,11.5
2011,402400.0,5.5,11.5,10.25
2012,402600.0,3.75,10.25,11.75
2013,402800.0,5.25,11.75,8.75
2014,403000.0,3.75,12.0,11.75
2015,403200.0,2.0,12.0,8.25
2016,403400.0,3.75,11.75,11.5
2017,403600.0,5.25,11.75,10.0
2018,403800.0,2.25,10.0,10.0
2019,404000.0,3.75,10.25,8.75
2020,404200.0,7.000000000000001,13.25,11.5
2021,404400.0,5.5,12.0,11.75
2022,404600.0,1.7500000000000002,8.75,10.25
2023,404800.0,3.75,10.25,10.25
2024,405000.0,2.25,12.0,10.0
2025,405200.0,2.25,11.5,10.0
2026,405400.0,0.5,11.5,11.75
2027,405600.0,2.25,11.75,11.75
2028,405800.0,1.7500000000000002,11.5,11.75
2029,406000.0,5.25,10.0,11.75
2030,406200.0,5.25,12.0,11.5
2031,406400.0,2.25,11.5,11.5
2032,406600.0,5.0,11.5,11.5
2033,406800.0,5.5,10.0,8.75
2034,407000.0,5.0,11.75,10.0
2035,407200.0,3.5000000000000004,10.25,11.5
2036,407400.0,5.25,11.5,8.75
2037,407600.0,2.25,12.0,10.25
2038,407800.0,3.75,10.0,10.25
2039,408000.0,5.25,13.5,10.0
2040,408200.0,2.25,13.25,10.25
2041,408400.0,2.0,11.75,10.0
2042,408600.0,5.25,10.25,8.75
2043,408800.0,5.25,11.75,11.5
2044,409000.0,5.5,11.75,11.5
2045,409200.0,0.5,12.0,10.25
2046,409400.0,5.5,10.25,10.0
2047,409600.0,3.75,10.25,11.5
2048,409800.0,2.25,11.5,11.5
2049,410000.0,5.25,11.5,11.5
2050,410200.0,6.75,13.25,10.0
2051,410400.0,3.5000000000000004,12.0,11.5
2052,410600.0,3.5000000000000004,11.5,11.5
2053,410800.0,3.75,12.0,11.5
2054,411000.0,3.75,13.25,8.75
2055,411200.0,3.75,10.25,10.0
2056,411400.0,1.7500000000000002,11.5,10.0
2057,411600.0,3.5000000000000004,11.75,10.25
2058,411800.0,6.75,11.75,11.5
2059,412000.0,6.75,12.0,11.75
2060,412200.0,3.75,11.5,11.75
2061,412400.0,3.75,12.0,11.5
2062,412600.0,5.25,12.0,10.0
2063,412800.0,3.75,11.5,10.0
2064,413000.0,8.25,12.0,10.25
2065,413200.0,5.0,11.75,8.5
2066,413400.0,3.5000000000000004,13.25,10.25
2067,413600.0,1.7500000000000002,13.25,11.75
2068,413800.0,3.75,11.5,10.25
2069,414000.0,5.25,11.5,10.25
2070,414200.0,5.0,13.5,10.25
2071,414400.0,0.5,10.25,10.25
2072,414600.0,3.5000000000000004,11.5,11.5
2073,414800.0,3.5000000000000004,11.5,10.0
2074,415000.0,5.25,11.5,11.75
2075,415200.0,3.75,10.0,10.25
2076,415400.0,5.5,11.5,11.75
2077,415600.0,6.75,12.0,11.75
2078,415800.0,5.25,12.0,11.5
2079,416000.0,5.5,12.0,11.5
2080,416200.0,0.5,11.75,11.75
2081,416400.0,5.25,11.75,10.0
2082,416600.0,6.75,11.75,11.5
2083,416800.0,7.000000000000001,10.25,10.25
2084,417000.0,5.0,12.0,10.25
2085,417200.0,5.25,13.25,10.25
2086,417400.0,3.5000000000000004,10.25,10.25
2087,417600.0,1.7500000000000002,11.75,10.25
2088,417800.0,3.75,11.75,11.75
2089,418000.0,2.25,11.5,8.75
2090,418200.0,5.5,10.25,11.5
2091,418400.0,2.25,12.0,11.5
2092,418600.0,3.75,11.75,11.75
2093,418800.0,5.25,12.0,11.5
2094,419000.0,5.25,11.75,11.5
2095,419200.0,3.75,11.5,11.5
2096,419400.0,5.0,11.5,11.75
2097,419600.0,1.7500000000000002,13.25,10.0
2098,419800.0,2.0,13.25,10.25
2099,420000.0,5.0,13.5,11.75
2100,420200.0,3.75,13.25,8.75
2101,420400.0,3.75,12.0,8.75
2102,420600.0,6.75,13.25,10.25
2103,420800.0,7.000000000000001,13.25,11.75
2104,421000.0,5.5,10.25,10.0
2105,421200.0,0.5,13.5,11.75
2106,421400.0,3.5000000000000004,13.25,10.25
2107,421600.0,2.25,8.75,11.5
2108,421800.0,5.5,11.75,10.0
2109,422000.0,5.25,12.0,11.5
2110,422200.0,1.7500000000000002,11.75,11.75
2111,422400.0,0.5,12.0,10.0
2112,422600.0,5.0,11.75,10.25
2113,422800.0,2.25,12.0,8.5
2114,423000.0,5.0,11.75,11.5
2115,423200.0,3.75,11.75,10.0
2116,423400.0,2.0,10.0,10.25
2117,423600.0,5.0,11.75,10.25
2118,423800.0,5.5,12.0,10.25
2119,424000.0,3.75,12.0,11.5
2120,424200.0,3.5000000000000004,12.0,11.5
2121,424400.0,7.000000000000001,12.0,10.0
2122,424600.0,5.0,11.75,11.5
2123,424800.0,3.75,10.25,11.5
2124,425000.0,5.25,10.25,11.75
2125,425200.0,2.0,11.75,10.0
2126,425400.0,3.5000000000000004,11.75,11.75
2127,425600.0,5.5,13.5,11.75
2128,425800.0,5.0,12.0,10.0
2129,426000.0,3.75,13.25,10.0
2130,426200.0,3.75,10.25,11.5
2131,426400.0,8.75,11.75,11.75
2132,426600.0,3.5000000000000004,12.0,10.0
2133,426800.0,2.25,12.0,10.25
2134,427000.0,5.25,11.75,11.75
2135,427200.0,2.25,11.5,10.25
2136,427400.0,3.75,13.5,11.5
2137,427600.0,5.0,8.5,10.0
2138,427800.0,5.25,13.5,10.25
2139,428000.0,3.75,10.25,10.25
2140,428200.0,5.25,13.25,10.25
2141,428400.0,3.5000000000000004,10.0,11.5
2142,428600.0,3.75,11.5,10.25
2143,428800.0,5.25,11.75,10.0
2144,429000.0,6.75,11.5,11.75
2145,429200.0,3.5000000000000004,11.75,10.25
2146,429400.0,5.25,11.5,8.75
2147,429600.0,2.25,11.5,8.5
2148,429800.0,3.75,13.5,11.75
2149,430000.0,1.7500000000000002,12.0,10.25
2150,430200.0,7.000000000000001,11.5,10.25
2151,430400.0,3.75,11.75,8.75
2152,430600.0,3.5000000000000004,11.75,10.25
2153,430800.0,3.5000000000000004,11.75,11.5
2154,431000.0,5.25,12.0,10.0
2155,431200.0,7.000000000000001,10.25,10.25
2156,431400.0,3.75,11.75,11.75
2157,431600.0,3.75,11.75,11.5
2158,431800.0,1.7500000000000002,12.0,11.5
2159,432000.0,7.000000000000001,12.0,11.5
2160,432200.0,5.5,11.5,11.5
2161,432400.0,2.0,11.5,10.25
2162,432600.0,1.7500000000000002,11.75,11.5
2163,432800.0,3.5000000000000004,11.75,11.5
2164,433000.0,1.7500000000000002,10.25,10.0
2165,433200.0,2.0,11.5,11.5
2166,433400.0,3.5000000000000004,10.25,11.75
2167,433600.0,2.25,10.25,8.75
2168,433800.0,6.75,8.75,11.5
2169,434000.0,3.5000000000000004,12.0,10.25
2170,434200.0,5.25,11.75,10.25
2171,434400.0,2.25,11.5,11.75
2172,434600.0,5.5,11.5,11.5
2173,434800.0,6.75,12.0,8.75
2174,435000.0,3.75,13.25,8.75
2175,435200.0,2.0,12.0,10.0
2176,435400.0,2.25,11.75,11.75
2177,435600.0,3.75,12.0,10.0
2178,435800.0,2.25,11.5,11.75
2179,436000.0,5.25,11.75,10.25
2180,436200.0,7.000000000000001,11.75,11.5
2181,436400.0,0.75,11.5,10.25
2182,436600.0,5.25,10.0,10.25
2183,436800.0,3.5000000000000004,10.25,10.25
2184,437000.0,6.75,12.0,8.5
2185,437200.0,5.0,12.0,10.25
2186,437400.0,7.000000000000001,12.0,10.25
2187,437600.0,3.5000000000000004,10.25,11.5
2188,437800.0,5.0,11.5,11.5
2189,438000.0,5.0,12.0,10.0
2190,438200.0,3.5000000000000004,11.75,10.25
2191,438400.0,5.25,11.5,8.75
2192,438600.0,5.5,11.75,10.25
2193,438800.0,1.7500000000000002,11.5,11.5
2194,439000.0,5.5,12.0,11.5
2195,439200.0,3.5000000000000004,12.0,11.5
2196,439400.0,0.5,13.25,11.5
2197,439600.0,1.7500000000000002,11.75,11.5
2198,439800.0,6.75,11.5,11.5
2199,440000.0,3.75,13.5,10.0
2200,440200.0,3.5000000000000004,11.75,10.25
2201,440400.0,6.75,11.5,11.5
2202,440600.0,6.75,11.5,11.5
2203,440800.0,1.7500000000000002,11.5,10.0
2204,441000.0,5.5,13.25,10.25
2205,441200.0,2.25,13.5,10.0
2206,441400.0,2.0,10.25,11.75
2207,441600.0,6.75,11.5,10.0
2208,441800.0,7.000000000000001,13.25,11.75
2209,442000.0,2.25,11.75,11.5
2210,442200.0,7.000000000000001,10.25,10.0
2211,442400.0,3.5000000000000004,12.0,11.5
2212,442600.0,0.25,10.25,10.0
2213,442800.0,3.75,11.75,11.5
2214,443000.0,3.5000000000000004,11.75,8.5
2215,443200.0,5.5,11.5,10.0
2216,443400.0,2.0,12.0,10.0
2217,443600.0,3.5000000000000004,12.0,10.25
2218,443800.0,2.0,10.25,10.25
2219,444000.0,3.75,11.5,10.0
2220,444200.0,5.5,13.5,10.0
2221,444400.0,1.7500000000000002,11.75,11.5
2222,444600.0,2.0,11.5,11.5
2223,444800.0,5.25,11.5,11.75
2224,445000.0,3.75,12.0,10.25
2225,445200.0,7.000000000000001,11.75,10.25
2226,445400.0,3.75,11.75,10.0
2227,445600.0,5.0,12.0,11.5
2228,445800.0,2.25,11.75,11.5
2229,446000.0,5.25,10.25,11.5
2230,446200.0,3.5000000000000004,8.75,11.5
2231,446400.0,5.5,13.25,11.75
2232,446600.0,2.0,13.25,11.5
2233,446800.0,2.25,11.5,11.5
2234,447000.0,2.25,8.75,10.0
2235,447200.0,5.0,10.25,11.75
2236,447400.0,2.25,13.25,10.25
2237,447600.0,5.25,10.0,10.25
2238,447800.0,5.25,12.0,11.5
2239,448000.0,3.5000000000000004,11.75,8.75
2240,448200.0,5.5,10.25,11.5
2241,448400.0,8.5,11.75,8.75
2242,448600.0,5.5,13.25,11.5
2243,448800.0,1.7500000000000002,12.0,11.5
2244,449000.0,0.75,12.0,8.75
2245,449200.0,5.25,11.75,8.75
2246,449400.0,7.000000000000001,13.5,8.75
2247,449600.0,3.5000000000000004,13.25,11.5
2248,449800.0,7.000000000000001,11.75,11.5
2249,450000.0,6.75,11.5,10.25
2250,450200.0,3.5000000000000004,11.5,11.75
2251,450400.0,5.0,12.0,10.0
2252,450600.0,2.25,12.0,11.5
2253,450800.0,5.5,11.5,11.5
2254,451000.0,5.25,11.75,11.75
2255,451200.0,1.7500000000000002,11.75,8.75
2256,451400.0,0.5,13.25,10.25
2257,451600.0,5.0,11.75,11.5
2258,451800.0,5.0,13.5,10.0
2259,452000.0,5.0,11.5,11.5
2260,452200.0,5.0,11.75,8.5
2261,452400.0,10.0,10.0,8.75
2262,452600.0,3.5000000000000004,12.0,10.0
2263,452800.0,5.5,11.75,11.5
2264,453000.0,5.0,13.25,10.0
2265,453200.0,5.25,13.25,11.75
2266,453400.0,3.75,14.75,10.25
2267,453600.0,3.5000000000000004,11.5,11.5
2268,453800.0,3.75,12.0,11.75
2269,454000.0,0.5,11.5,11.75
2270,454200.0,3.5000000000000004,11.75,11.75
2271,454400.0,3.75,13.25,8.75
2272,454600.0,2.25,11.5,11.5
2273,454800.0,5.25,14.75,11.5
2274,455000.0,5.0,11.75,10.0
2275,455200.0,5.0,12.0,10.25
2276,455400.0,5.0,11.75,11.75
2277,455600.0,5.5,13.25,10.25
2278,455800.0,2.25,11.5,11.5
2279,456000.0,3.75,11.75,11.5
2280,456200.0,5.5,13.5,10.0
2281,456400.0,2.0,11.5,10.25
2282,456600.0,3.5000000000000004,11.5,10.0
2283,456800.0,8.5,10.25,10.25
2284,457000.0,1.7500000000000002,12.0,8.75
2285,457200.0,3.5000000000000004,13.25,10.0
2286,457400.0,2.25,12.0,10.25
2287,457600.0,3.5000000000000004,11.5,10.25
2288,457800.0,7.000000000000001,11.75,10.25
2289,458000.0,3.75,13.25,8.75
2290,458200.0,3.5000000000000004,11.75,10.25
2291,458400.0,0.75,11.75,10.0
2292,458600.0,5.25,10.25,10.25
2293,458800.0,8.25,11.5,11.5
2294,459000.0,3.75,11.75,11.75
2295,459200.0,7.000000000000001,13.5,10.0
2296,459400.0,5.0,11.75,8.75
2297,459600.0,3.5000000000000004,11.5,10.0
2298,459800.0,0.5,10.25,11.5
2299,460000.0,5.0,10.0,10.25
2300,460200.0,1.7500000000000002,10.25,8.75
2301,460400.0,3.5000000000000004,13.25,10.25
2302,460600.0,5.5,11.5,11.5
2303,460800.0,5.5,13.25,10.0
2304,461000.0,3.75,11.75,10.25
2305,461200.0,2.25,11.75,10.0
2306,461400.0,3.75,11.75,8.75
2307,461600.0,1.7500000000000002,8.75,10.0
2308,461800.0,3.5000000000000004,10.25,8.75
2309,462000.0,1.7500000000000002,11.75,11.5
2310,462200.0,6.75,11.75,8.5
2311,462400.0,6.75,13.5,11.5
2312,462600.0,2.0,11.75,11.5
2313,462800.0,2.25,11.75,11.75
2314,463000.0,5.5,11.75,11.5
2315,463200.0,2.25,13.25,8.5
2316,463400.0,3.5000000000000004,12.0,10.0
2317,463600.0,5.0,12.0,10.25
2318,463800.0,8.25,12.0,11.75
2319,464000.0,3.5000000000000004,11.75,11.5
2320,464200.0,3.5000000000000004,13.25,11.75
2321,464400.0,3.5000000000000004,12.0,11.75
2322,464600.0,2.25,11.75,11.5
2323,464800.0,2.25,12.0,10.0
2324,465000.0,5.5,12.0,11.75
2325,465200.0,3.5000000000000004,11.5,10.0
2326,465400.0,5.0,13.25,8.5
2327,465600.0,5.5,11.75,11.5
2328,465800.0,1.7500000000000002,13.25,10.0
2329,466000.0,6.75,13.5,11.75
2330,466200.0,5.25,11.75,8.5
2331,466400.0,3.5000000000000004,12.0,10.0
2332,466600.0,5.0,12.0,10.0
2333,466800.0,5.0,13.5,10.0
2334,467000.0,5.0,12.0,8.75
2335,467200.0,0.5,10.0,11.75
2336,467400.0,2.25,12.0,7.000000000000001
2337,467600.0,2.25,11.75,10.25
2338,467800.0,3.5000000000000004,11.5,10.0
2339,468000.0,3.75,11.5,11.75
2340,468200.0,7.000000000000001,11.5,10.0
2341,468400.0,5.0,12.0,10.25
2342,468600.0,3.5000000000000004,10.0,11.75
2343,468800.0,3.75,11.75,10.25
2344,469000.0,5.0,13.25,11.5
2345,469200.0,1.7500000000000002,10.25,8.75
2346,469400.0,7.000000000000001,12.0,11.5
2347,469600.0,5.25,12.0,11.5
2348,469800.0,3.75,12.0,10.25
2349,470000.0,2.0,10.25,10.25
2350,470200.0,0.5,13.25,11.75
2351,470400.0,1.7500000000000002,12.0,11.5
2352,470600.0,2.0,11.75,11.5
2353,470800.0,1.7500000000000002,11.75,11.75
2354,471000.0,3.5000000000000004,10.25,10.25
2355,471200.0,3.75,13.25,11.5
2356,471400.0,7.000000000000001,10.25,8.5
2357,471600.0,2.0,12.0,11.75
2358,471800.0,2.25,10.25,11.5
2359,472000.0,3.75,13.25,11.75
2360,472200.0,3.75,11.75,11.5
2361,472400.0,5.5,11.75,11.5
2362,472600.0,2.25,10.25,10.0
2363,472800.0,8.25,11.75,11.5
2364,473000.0,5.0,13.25,10.25
2365,473200.0,5.0,11.5,10.25
2366,473400.0,0.5,11.5,10.25
2367,473600.0,5.0,12.0,10.25
2368,473800.0,3.75,11.75,11.75
2369,474000.0,7.000000000000001,8.75,11.5
2370,474200.0,1.7500000000000002,11.5,11.5
2371,474400.0,5.5,11.75,10.25
2372,474600.0,3.75,10.25,10.25
2373,474800.0,3.75,13.5,11.75
2374,475000.0,3.75,8.75,10.25
2375,475200.0,3.75,10.25,10.0
2376,475400.0,3.75,13.25,8.5
2377,475600.0,7.000000000000001,12.0,11.5
2378,475800.0,3.5000000000000004,11.75,11.75
2379,476000.0,3.5000000000000004,10.0,11.5
2380,476200.0,5.25,8.75,11.75
2381,476400.0,5.25,13.25,10.0
2382,476600.0,5.25,11.75,11.5
2383,476800.0,2.0,13.25,10.0
2384,477000.0,3.75,13.5,10.0
2385,477200.0,5.0,14.75,11.75
2386,477400.0,3.5000000000000004,11.75,11.5
2387,477600.0,1.7500000000000002,11.5,11.75
2388,477800.0,3.75,11.75,11.75
2389,478000.0,3.75,11.75,10.25
2390,478200.0,2.0,11.75,8.75
2391,478400.0,2.25,11.75,10.0
2392,478600.0,2.0,12.0,10.25
2393,478800.0,2.25,12.0,10.25
2394,479000.0,2.25,11.75,10.0
2395,479200.0,5.5,10.25,8.75
2396,479400.0,5.5,10.25,11.5
2397,479600.0,5.25,12.0,11.75
2398,479800.0,3.75,12.0,11.75
2399,480000.0,5.25,11.5,10.0
2400,480200.0,5.25,11.5,11.5
2401,480400.0,3.5000000000000004,11.5,8.5
2402,480600.0,5.5,11.5,10.25
2403,480800.0,2.25,8.75,10.25
2404,481000.0,5.25,13.25,10.25
2405,481200.0,2.25,12.0,11.5
2406,481400.0,5.0,11.5,11.5
2407,481600.0,6.75,11.5,10.25
2408,481800.0,2.25,13.5,11.5
2409,482000.0,5.0,13.25,10.0
2410,482200.0,5.0,13.25,11.5
2411,482400.0,3.5000000000000004,13.25,11.5
2412,482600.0,1.7500000000000002,12.0,10.25
2413,482800.0,2.25,10.25,10.0
2414,483000.0,3.75,11.75,11.5
2415,483200.0,5.0,12.0,11.75
2416,483400.0,6.75,10.0,11.5
2417,483600.0,2.25,11.75,11.5
2418,483800.0,5.25,11.5,10.0
2419,484000.0,5.0,11.5,11.75
2420,484200.0,6.75,12.0,10.25
2421,484400.0,3.75,11.5,11.5
2422,484600.0,5.0,13.5,11.5
2423,484800.0,1.7500000000000002,12.0,11.5
2424,485000.0,5.5,12.0,11.5
2425,485200.0,2.0,13.25,10.0
2426,485400.0,5.0,13.25,11.75
2427,485600.0,5.0,10.25,10.25
2428,485800.0,0.5,13.25,8.25
2429,486000.0,5.0,12.0,11.75
2430,486200.0,2.25,10.25,11.5
2431,486400.0,3.5000000000000004,11.75,11.5
2432,486600.0,3.75,11.5,11.5
2433,486800.0,3.75,11.75,8.75
2434,487000.0,5.5,11.75,11.5
2435,487200.0,5.0,11.5,11.5
2436,487400.0,5.0,12.0,10.25
2437,487600.0,5.0,12.0,10.25
2438,487800.0,5.0,11.75,10.0
2439,488000.0,5.5,11.75,11.5
2440,488200.0,5.0,11.75,10.0
2441,488400.0,2.25,10.25,11.5
2442,488600.0,8.25,13.25,10.25
2443,488800.0,3.5000000000000004,11.75,10.25
2444,489000.0,6.75,10.25,11.75
2445,489200.0,2.25,11.75,11.5
2446,489400.0,5.0,12.0,11.5
2447,489600.0,3.75,11.75,11.75
2448,489800.0,5.25,10.0,11.75
2449,490000.0,6.75,10.25,11.5
2450,490200.0,5.5,11.75,10.0
2451,490400.0,5.25,13.25,11.5
2452,490600.0,5.0,11.5,10.0
2453,490800.0,7.000000000000001,12.0,11.75
2454,491000.0,3.5000000000000004,11.5,8.5
2455,491200.0,5.0,12.0,11.75
2456,491400.0,3.75,11.5,10.25
2457,491600.0,5.0,11.5,10.25
2458,491800.0,3.5000000000000004,11.75,10.0
2459,492000.0,3.5000000000000004,11.5,10.25
2460,492200.0,5.0,11.75,10.0
2461,492400.0,3.5000000000000004,11.5,10.0
2462,492600.0,5.0,10.0,10.25
2463,492800.0,2.25,11.5,10.0
2464,493000.0,2.0,13.25,11.75
2465,493200.0,3.5000000000000004,12.0,11.75
2466,493400.0,3.5000000000000004,11.75,11.75
2467,493600.0,3.5000000000000004,11.75,10.0
2468,493800.0,2.25,10.25,11.5
2469,494000.0,5.5,11.75,10.25
2470,494200.0,2.25,10.25,11.5
2471,494400.0,3.5000000000000004,13.25,11.5
2472,494600.0,5.5,11.5,11.75
2473,494800.0,3.75,11.75,8.75
2474,495000.0,3.5000000000000004,14.75,10.25
2475,495200.0,6.75,13.5,11.5
2476,495400.0,3.75,13.25,10.25
2477,495600.0,3.75,10.25,10.25
2478,495800.0,2.0,11.75,10.25
2479,496000.0,5.5,11.5,11.75
2480,496200.0,5.25,11.75,11.5
2481,496400.0,3.5000000000000004,11.75,11.75
2482,496600.0,5.0,11.75,11.5
2483,496800.0,1.7500000000000002,11.5,10.25
2484,497000.0,1.7500000000000002,11.5,11.5
2485,497200.0,5.5,12.0,10.25
2486,497400.0,6.75,11.5,11.75
2487,497600.0,5.25,11.75,10.25
2488,497800.0,5.0,13.25,10.25
2489,498000.0,5.5,11.75,10.25
2490,498200.0,5.0,11.5,11.75
2491,498400.0,5.5,8.75,10.25
2492,498600.0,5.5,10.0,8.5
2493,498800.0,10.0,12.0,10.0
2494,499000.0,6.75,10.0,11.75
2495,499200.0,5.0,12.0,11.5
2496,499400.0,5.0,12.0,10.25
2497,499600.0,3.75,11.5,10.25
2498,499800.0,2.25,11.75,8.75
2499,500000.0,5.25,13.25,11.5
